,date,total inflow,Cwz inflow,Cwz pond,Cwz Sw1 head,Cwz Sw2 head,sched,hrs sched,h/k,water used,elevation change,water io,vol per ft
2,10/3/2006,819.0,212.94,997.87,396,123,285,16.0,36.53846154,325.0,-0.19,-112.06,589.789473684
3,10/4/2006,553.0,143.78,997.42,397,122,374,16.0,38.00813008,410.0,-0.45,-266.22,591.6
4,10/5/2006,527.0,137.02,996.96,396,121,374,16.0,38.10105949,409.0,-0.46,-271.98,591.260869565
5,10/6/2006,545.0,141.7,996.53,395,123,360,16.0,37.97468354,395.0,-0.43,-253.3,589.069767442
6,10/7/2006,532.0,138.32,996.07,395,123,370,16.0,37.97208539,406.0,-0.46,-267.68,581.913043478
9,10/10/2006,638.0,165.88,995.6,394,124,317,16.0,37.20657277,355.0,-0.33,-189.12,573.090909091
11,10/12/2006,515.0,133.9,995.22,393,123,230,11.0,37.43489583,256.0,-0.21,-122.1,581.428571429
12,10/13/2006,596.0,154.96,995.06,393,124,225,10.0,37.95546559,247.0,-0.16,-92.04,575.25
16,10/17/2006,714.0,185.64,995.11,394,125,390,16.0,38.23529412,425.0,-0.4,-239.36,598.4
17,10/18/2006,659.0,171.34,994.63,393,125,415,16.0,38.34072432,451.0,-0.48,-279.66,582.625
18,10/19/2006,785.0,204.1,994.31,392,125,351,16.0,37.69329897,388.0,-0.32,-183.9,574.6875
19,10/20/2006,741.0,192.66,993.82,393,125,441,16.0,38.3611691,479.0,-0.49,-286.34,584.367346939
20,10/21/2006,603.0,156.78,993.27,392,125,437,16.0,38.33333333,475.0,-0.55,-318.22,578.581818182
23,10/24/2006,691.0,179.66,992.7,391,126,380,16.0,37.9696243,417.0,-0.41,-237.34,578.878048781
24,10/25/2006,672.0,174.72,992.28,391,125,381,16.0,37.9784689,418.0,-0.42,-243.28,579.238095238
25,10/26/2006,631.0,164.06,991.96,389,125,313,16.0,36.94523135,353.0,-0.32,-188.94,590.4375
26,10/27/2006,477.0,124.02,991.35,390,124,432,16.0,38.13559322,472.0,-0.61,-347.98,570.459016393
27,10/28/2006,762.0,198.12,990.79,389,122,476,16.0,37.92224347,523.0,-0.56,-324.88,580.142857143
30,10/31/2006,782.0,203.32,990.19,389,122,399,16.0,37.78409091,440.0,-0.42,-236.68,563.523809524
31,11/1/2006,561.0,145.86,988.45,388,123,800,16.0,37.45318352,890.0,-1.74,-744.14,427.666666667
32,11/2/2006,,307.06,987.42,387,120,800,16.0,37.24394786,895.0,-1.03,-587.94,570.815533981
33,11/3/2006,,693.42,987.07,386,121,800,16.0,37.20238095,896.0,-0.35,-202.58,578.8
34,11/4/2006,,1006.72,987.26,385,122,800,16.0,37.16090673,897.0,0.19,109.72,577.473684211
36,11/6/2006,,7031.18,998.89,385,127,1311,18.0,36.46528705,1498.0,11.63,5533.18,475.767841788
41,11/11/2006,,1771.12,999.12,395,117,1848,24.0,36.18421053,2128.0,-0.61,-356.88,585.049180328
43,11/13/2006,,2235.74,998.86,394,116,1848,24.0,35.78066914,2152.0,0.14,83.74,598.142857143
44,11/14/2006,,1823.12,998.3,394,116,1848,24.0,35.78066914,2152.0,-0.56,-328.88,587.285714286
45,11/15/2006,,1926.34,997.92,394,115,1848,24.0,35.78066914,2152.0,-0.38,-225.66,593.842105263
46,11/16/2006,,2635.88,998.72,395,113,1848,24.0,35.53299492,2167.0,0.8,468.88,586.1
47,11/17/2006,,1923.48,998.3,395,113,1848,24.0,35.53299492,2167.0,-0.42,-243.52,579.809523809
48,11/18/2006,,1498.64,997.19,397,113,1848,24.0,35.76405016,2153.0,-1.11,-654.36,589.513513514
49,11/19/2006,,1455.22,996.02,395,115,1848,24.0,35.88070829,2146.0,-1.17,-690.78,590.41025641
50,11/20/2006,,1422.98,994.75,392,116,1848,24.0,35.54939982,2166.0,-1.27,-743.02,585.05511811
51,11/21/2006,,1566.76,993.74,391,117,1848,24.0,35.74744661,2154.0,-1.01,-587.24,581.425742574
52,11/22/2006,,1548.04,992.71,392,117,1848,24.0,35.84729981,2148.0,-1.03,-599.96,582.485436893
53,11/23/2006,,1640.08,991.81,390,118,1848,24.0,35.64814815,2160.0,-0.9,-519.92,577.688888889
54,11/24/2006,,1519.44,990.7,390,118,1848,24.0,35.64814815,2160.0,-1.11,-640.56,577.081081081
55,11/25/2006,,1315.08,989.21,388,118,1848,24.0,35.41858326,2174.0,-1.49,-858.92,576.456375839
56,11/26/2006,,1196.26,987.49,387,119,1848,24.0,35.30490601,2181.0,-1.72,-984.74,572.523255814
57,11/27/2006,,1055.6,985.52,385,120,1848,24.0,35.41858326,2174.0,-1.97,-1118.4,567.715736041
58,11/28/2006,,937.82,984.58,384,119,1232,16.0,34.96821072,1468.0,-0.94,-530.18,564.021276596
59,11/29/2006,,812.5,983.43,382,120,1232,16.0,35.0877193,1463.0,-1.15,-650.5,565.652173913
60,11/30/2006,,744.38,982.15,381,120,1232,16.0,34.99204726,1467.0,-1.28,-722.62,564.546875
61,12/1/2006,,705.9,981.52,379,120,927,16.0,36.47308782,1059.0,-0.63,-353.1,560.476190476
62,12/2/2006,,662.22,980.8,379,121,933,16.0,36.53665414,1064.0,-0.72,-401.78,558.027777778
65,12/5/2006,,522.86,980.28,379,120,900,16.0,36.6568915,1023.0,-0.89,-500.14,561.95505618
67,12/7/2006,,542.36,975.8,375,121,910,16.0,36.28389155,1045.0,-0.92,-502.64,546.347826087
69,12/9/2006,,637.78,974.3,372,122,900,16.0,36.23188406,1035.0,-0.79,-397.22,502.810126582
72,12/12/2006,,1726.14,977.27,374,122,892,16.0,36.40222005,1021.0,1.28,705.14,550.890625
73,12/13/2006,,2758.6,980.38,376,122,908,16.0,36.51866152,1036.0,3.11,1722.6,553.890675241
74,12/14/2006,,4254.9,986.09,379,120,915,16.0,36.55321189,1043.0,5.71,3211.9,562.504378284
75,12/15/2006,,5203.12,993.23,383,119,967,16.0,36.59551922,1101.0,7.14,4102.12,574.526610644
76,12/16/2006,,2903.94,996.2,391,118,1035,16.0,36.82749787,1171.0,2.97,1732.94,583.481481481
79,12/19/2006,,1252.42,998.02,396,118,1848,24.0,36.29816439,2121.319392,-1.47,-868.899392,591.088021769
80,12/20/2006,,1498.64,996.95,395,117,1848,24.0,36.17954459,2128.27444,-1.07,-629.63444,588.443401869
81,12/21/2006,,1142.44,995.25,393,117,1848,24.0,35.96635489,2140.889735,-1.7,-998.449735,587.323373529
82,12/22/2006,,927.94,993.16,392,118,1848,24.0,35.85917484,2147.288674,-2.09,-1219.348674,583.420418182
83,12/23/2006,,916.5,991.01,390,119,1848,24.0,35.63758677,2160.640127,-2.15,-1244.140127,578.669826512
84,12/24/2006,,917.54,989.11,389,120,1752,24.0,36.31840796,2010.0,-1.9,-1092.46,574.978947368
85,12/25/2006,,1371.76,987.99,388,120,1752,24.0,36.22828784,2015.0,-1.12,-643.24,574.321428571
86,12/26/2006,,1164.8,986.58,385,121,1712,24.0,36.26503982,1967.0,-1.41,-802.2,568.936170213
87,12/27/2006,,1439.1,986.37,386,120,1392,24.0,37.08439898,1564.0,-0.21,-124.9,594.761904762
88,12/28/2006,,1249.56,985.81,385,121,1392,24.0,37.08439898,1564.0,-0.56,-314.44,561.5
89,12/29/2006,,1055.6,984.9,384,120,1392,24.0,36.8956743,1572.0,-0.91,-516.4,567.472527473
90,12/30/2006,,1002.04,983.9,383,121,1392,24.0,36.91915977,1571.0,-1.0,-568.96,568.96
94,1/3/2007,,2229.24,987.56,385,122,1336,24.0,37.28510828,1493.0,1.29,736.24,570.728682171
95,1/4/2007,,1907.1,988.48,385,122,1238,22.0,37.35216027,1381.0,0.92,526.1,571.847826087
96,1/5/2007,,1531.66,988.75,385,123,1238,22.0,37.40633309,1379.0,0.27,152.66,565.407407407
99,1/8/2007,,1760.72,988.41,385,124,1238,22.0,37.46066328,1377.0,0.67,383.72,572.71641791
100,1/9/2007,,1500.2,989.0,385,125,1042,20.0,37.33161364,1163.0,0.59,337.2,571.525423729
101,1/10/2007,,1543.1,989.66,387,122,1040,20.0,37.38855335,1159.0,0.66,384.1,581.96969697
102,1/11/2007,,1201.46,989.64,388,120,1089,21.0,37.40725474,1213.0,-0.02,-11.54,577.000000001
103,1/12/2007,,1026.48,989.02,386,121,1238,22.0,37.35216027,1381.0,-0.62,-354.52,571.806451613
104,1/13/2007,,950.56,988.26,386,120,1238,22.0,37.21741222,1386.0,-0.76,-435.44,572.947368421
107,1/16/2007,,682.76,987.64,385,121,1108,20.0,37.2311828,1240.0,-0.98,-557.24,568.612244898
108,1/17/2007,,646.1,986.6,385,121,1109,20.0,37.23475692,1241.0,-1.04,-594.9,572.019230769
109,1/18/2007,,634.14,985.54,384,122,1106,20.0,37.28425027,1236.0,-1.06,-601.86,567.79245283
110,1/19/2007,,554.58,984.32,384,121,1106,20.0,37.13403169,1241.0,-1.22,-686.42,562.639344262
111,1/20/2007,,626.34,983.23,381,122,1106,20.0,37.01472557,1245.0,-1.09,-618.66,567.577981651
114,1/23/2007,,547.56,982.16,381,124,886,16.0,37.13950369,994.0,-0.8,-446.44,558.05
115,1/24/2007,,510.38,981.3,380,125,886,16.0,37.10217755,995.0,-0.86,-484.62,563.511627907
116,1/25/2007,,481.78,980.95,380,125,580,16.0,35.80246914,675.0,-0.35,-193.22,552.057142857
117,1/26/2007,,457.6,980.58,380,123,570,16.0,35.71428571,665.0,-0.37,-207.4,560.540540541
118,1/27/2007,,460.72,980.21,378,124,570,16.0,35.44776119,670.0,-0.37,-209.28,565.621621622
121,1/30/2007,,384.8,979.75,379,124,640,16.0,36.18272275,737.0,-0.64,-352.2,550.3125
122,1/31/2007,,432.9,979.16,378,124,665,16.0,36.31498471,763.0,-0.59,-330.1,559.491525424
123,2/1/2007,994.0,258.44,977.89,377,124,850,16.0,36.85397156,961.0,-1.27,-702.56,553.196850394
124,2/2/2007,,389.74,976.85,376,123,850,16.0,36.73928077,964.0,-1.04,-574.26,552.173076923
125,2/3/2007,,283.92,975.61,375,123,850,16.0,36.62530162,967.0,-1.24,-683.08,550.870967742
128,2/6/2007,,487.76,974.56,374,125,873,16.0,36.66834677,992.0,-0.92,-504.24,548.086956522
129,2/7/2007,,499.72,974.21,373,125,614,22.0,36.97013487,692.0,-0.35,-192.28,549.371428572
130,2/8/2007,,527.8,973.55,373,125,773,16.0,36.39359699,885.0,-0.66,-357.2,541.212121212
132,2/10/2007,,563.42,971.19,371,126,784,16.0,36.37713437,898.0,-0.62,-334.58,539.64516129
135,2/13/2007,,710.32,971.62,370,129,840,16.0,36.53444676,958.0,-0.46,-247.68,538.434782609
136,2/14/2007,,685.88,971.11,370,131,850,16.0,36.70120898,965.0,-0.51,-279.12,547.294117647
137,2/15/2007,,1316.9,971.76,369,132,850,16.0,36.70120898,965.0,0.65,351.9,541.384615385
138,2/16/2007,,1989.78,973.85,370,132,750,16.0,36.5497076,855.0,2.09,1134.78,542.956937799
139,2/17/2007,,1463.02,974.95,373,127,750,16.0,36.42191142,858.0,1.1,605.02,550.018181818
142,2/20/2007,,1742.26,979.96,377,124,785,16.0,36.14180479,905.0,1.44,837.26,581.430555556
145,2/23/2007,,1076.14,981.04,378,124,614,22.0,37.34793187,685.0,0.7,391.14,558.771428571
146,2/24/2007,,1034.54,981.67,380,123,614,22.0,37.45729624,683.0,0.63,351.54,558.0
149,2/27/2007,,802.62,983.99,382,127,614,22.0,37.84516765,676.0,0.22,126.62,575.545454545
150,2/28/2007,,783.9,984.19,383,128,614,22.0,37.95746785,674.0,0.2,109.9,549.5
151,3/1/2007,,697.32,984.23,383,128,614,22.0,37.95746785,674.0,0.04,23.32,583.000000001
152,3/2/2007,,677.3,983.57,383,128,912,24.0,36.22497617,1049.0,-0.66,-371.7,563.181818182
153,3/3/2007,,679.9,982.91,383,129,912,24.0,36.25954198,1048.0,-0.66,-368.1,557.727272727
154,3/4/2007,,687.7,982.27,382,128,912,24.0,36.15604186,1051.0,-0.64,-363.3,567.65625
155,3/5/2007,,732.68,981.7,381,128,912,24.0,36.121673,1052.0,-0.57,-319.32,560.210526316
156,3/6/2007,,754.52,981.16,381,127,912,24.0,36.08736942,1053.0,-0.54,-298.48,552.740740741
157,3/7/2007,,940.68,980.98,379,127,912,24.0,36.29417383,1047.0,-0.18,-106.32,590.666666667
160,3/10/2007,,1223.04,981.26,380,125,912,24.0,35.98484848,1056.0,0.29,167.04,576.0
161,3/11/2007,,2435.42,983.8,380,124,874,23.0,35.94932544,1013.0,2.54,1422.42,560.007874016
162,3/12/2007,,3914.82,988.83,383,120,912,24.0,35.98484848,1056.0,5.03,2858.82,568.35387674
164,3/14/2007,,2188.42,993.99,391,119,912,24.0,36.32887189,1046.0,1.96,1142.42,582.867346939
165,3/15/2007,,1657.24,995.04,393,118,912,24.0,36.43336529,1043.0,1.05,614.24,584.990476191
166,3/16/2007,,1352.0,995.58,394,119,912,24.0,36.53846154,1040.0,0.54,312.0,577.777777778
167,3/17/2007,,1231.88,995.91,395,120,912,24.0,36.6088632,1038.0,0.33,193.88,587.515151515
168,3/18/2007,,1276.86,996.32,395,120,912,24.0,36.6088632,1038.0,0.41,238.86,582.585365854
169,3/19/2007,,1389.7,996.92,396,120,912,24.0,36.67953668,1036.0,0.6,353.7,589.5
170,3/20/2007,,1597.96,997.87,396,120,912,24.0,36.67953668,1036.0,0.95,561.96,591.536842105
175,9/2/2010,884.0,229.84,998.59,398,114,336,16.0,37.23404255,376.0,-0.34,-146.16,429.882352941
176,9/3/2010,703.0,182.78,998.51,398,114,207,9.0,37.66375546,229.0,-0.08,-46.22,577.75
177,9/4/2010,731.0,190.06,998.4,398,115,230,10.0,37.72965879,254.0,-0.11,-63.94,581.272727273
181,9/8/2010,822.0,213.72,998.25,398,115,400,16.0,37.96507213,439.0,-0.38,-225.28,592.842105263
183,9/10/2010,718.0,186.68,997.7,398,115,400,16.0,37.96507213,439.0,-0.43,-252.32,586.790697674
184,9/11/2010,659.0,171.34,997.25,397,117,400,16.0,37.96507213,439.0,-0.45,-267.66,594.8
187,9/14/2010,706.0,183.56,995.96,397,118,800,16.0,37.92188093,879.0,-1.18,-695.44,589.355932203
188,9/15/2010,772.0,200.72,995.55,395,119,400,16.0,38.05175038,438.0,-0.41,-237.28,578.731707317
189,9/16/2010,,281.84,995.29,396,120,400,16.0,38.13882532,437.0,-0.26,-155.16,596.769230769
190,9/17/2010,,312.78,995.07,395,120,400,16.0,38.05175038,438.0,-0.22,-125.22,569.181818182
191,9/18/2010,,321.88,994.11,394,119,800,16.0,37.70739065,884.0,-0.96,-562.12,585.541666667
194,9/21/2010,,342.68,992.91,394,119,832,16.0,37.76325345,918.0,-0.99,-575.32,581.131313131
195,9/22/2010,976.0,253.76,991.76,392,119,832,16.0,37.59942155,922.0,-1.15,-668.24,581.07826087
196,9/23/2010,,260.26,991.45,392,119,400,16.0,37.87878788,440.0,-0.31,-179.74,579.806451613
197,9/24/2010,987.0,256.62,991.13,392,118,400,16.0,37.79289494,441.0,-0.32,-184.38,576.1875
198,9/25/2010,827.0,215.02,990.74,391,119,400,16.0,37.79289494,441.0,-0.39,-225.98,579.435897436
201,9/28/2010,944.0,245.44,990.54,390,120,400,16.0,37.70739065,442.0,-0.34,-196.56,578.117647059
202,9/29/2010,861.0,223.86,990.16,390,120,400,16.0,37.70739065,442.0,-0.38,-218.14,574.052631579
203,9/30/2010,829.0,215.54,989.77,390,121,400,16.0,37.79289494,441.0,-0.39,-225.46,578.102564103
204,10/1/2010,697.0,181.22,988.91,390,121,586,16.0,36.01278269,678.0,-0.86,-496.78,577.651162791
205,10/2/2010,719.0,186.94,987.88,390,121,690,16.0,37.09677419,775.0,-1.03,-588.06,570.932038835
208,10/5/2010,729.0,189.54,986.47,388,124,571,23.0,37.76455026,630.0,-0.77,-440.46,572.025974026
209,10/6/2010,657.0,170.82,985.67,387,126,571,23.0,37.88481953,628.0,-0.8,-457.18,571.475
210,10/7/2010,646.0,167.96,985.55,385,129,212,8.0,38.07471264,232.0,-0.12,-64.04,533.666666667
211,10/8/2010,730.0,189.8,985.47,385,128,216,8.0,38.13559322,236.0,-0.0799999999999,-46.2,577.500000001
212,10/9/2010,,299.52,985.81,384,129,100,4.0,37.87878788,110.0,0.34,189.52,557.411764706
216,10/13/2010,924.0,240.24,986.89,387,126,252,9.0,38.18181818,275.0,-0.0600000000001,-34.76,579.333333333
217,10/14/2010,898.0,233.48,986.98,387,126,168,6.0,38.25136612,183.0,0.09,50.48,560.888888889
219,10/16/2010,866.0,225.16,986.92,387,129,245,7.0,35.81871345,285.0,-0.1,-59.84,598.4
223,10/20/2010,664.0,172.64,986.98,388,131,255,9.0,38.63636364,275.0,-0.18,-102.36,568.666666667
224,10/21/2010,872.0,226.72,986.94,387,131,230,8.0,38.48728246,249.0,-0.04,-22.28,557.000000001
225,10/22/2010,903.0,234.78,986.7,387,131,344,12.0,38.42716711,373.0,-0.24,-138.22,575.916666667
226,10/23/2010,914.0,237.64,986.38,386,131,383,13.0,38.36137821,416.0,-0.32,-178.36,557.375
229,10/26/2010,,790.92,988.04,387,131,624,21.0,38.40472674,677.0,0.2,113.92,569.6
230,10/27/2010,,700.18,988.72,387,132,285,10.0,38.55519481,308.0,0.68,392.18,576.735294118
231,10/28/2010,,632.06,989.15,388,131,359,12.0,38.5524055,388.0,0.43,244.06,567.581395349
233,10/30/2010,,632.84,989.65,388,130,437,15.0,38.41420534,474.0,0.29,158.84,547.724137931
236,11/2/2010,,1897.48,994.79,393,131,449,15.0,38.81396957,482.0,2.43,1415.48,582.502057613
237,11/3/2010,,1214.46,995.32,394,130,838,16.0,38.45447871,908.0,0.53,306.46,578.226415094
238,11/4/2010,,973.18,995.42,393,129,839,16.0,38.24762947,914.0,0.0999999999999,59.18,591.800000001
239,11/5/2010,,845.52,995.21,393,129,891,16.0,38.47150259,965.0,-0.21,-119.48,568.952380953
240,11/6/2010,,830.96,994.96,394,130,905,16.0,38.55657805,978.0,-0.25,-147.04,588.16
243,11/9/2010,,911.04,996.08,395,130,1238,22.0,38.66816592,1334.0,-0.72,-422.96,587.444444445
244,11/10/2010,,835.12,995.23,395,131,1238,22.0,38.72622623,1332.0,-0.85,-496.88,584.564705882
245,11/11/2010,,789.62,994.3,394,131,1238,22.0,38.61027944,1336.0,-0.93,-546.38,587.505376344
246,11/12/2010,,751.66,993.3,394,131,1238,22.0,38.61027944,1336.0,-1.0,-584.34,584.34
247,11/13/2010,,697.32,992.19,393,131,1238,22.0,38.52377396,1339.0,-1.11,-641.68,578.09009009
250,11/16/2010,,1189.5,993.69,392,132,539,7.0,37.43055556,600.0,1.02,589.5,577.941176471
251,11/17/2010,,1468.74,995.49,395,130,387,7.0,38.57655502,418.0,1.8,1050.74,583.744444444
252,11/18/2010,,1601.08,995.93,396,131,1240,24.0,38.61484803,1338.0,0.44,263.08,597.909090909
254,11/20/2010,,1155.18,995.48,394,130,1240,24.0,38.38533928,1346.0,-0.45,-190.82,424.044444445
256,11/22/2010,,934.18,994.25,395,131,1240,24.0,38.52846135,1341.0,-0.7,-406.82,581.171428571
257,11/23/2010,,806.26,993.3,394,131,1258,24.0,38.54166667,1360.0,-0.95,-553.74,582.884210526
258,11/24/2010,,690.04,992.14,394,131,1258,24.0,38.54166667,1360.0,-1.16,-669.96,577.551724138
259,11/25/2010,,656.24,990.91,392,131,1258,24.0,38.34430627,1367.0,-1.23,-710.76,577.853658537
260,11/26/2010,,750.62,989.83,389,131,1258,24.0,38.09350775,1376.0,-1.08,-625.38,579.055555556
261,11/27/2010,,654.42,988.57,390,131,1258,24.0,38.17674193,1373.0,-1.26,-718.58,570.301587302
264,11/30/2010,,791.44,987.23,388,131,1258,24.0,37.98309179,1380.0,-1.03,-588.56,571.417475728
265,12/1/2010,,900.64,986.38,387,131,1258,24.0,37.90069896,1383.0,-0.85,-482.36,567.482352941
266,12/2/2010,,800.28,985.35,387,131,1116,16.0,33.62255965,1383.0,-1.03,-582.72,565.747572816
267,12/3/2010,,746.72,984.21,384,130,1258,24.0,37.60162602,1394.0,-1.14,-647.28,567.789473684
268,12/4/2010,,716.3,982.99,382,129,1258,24.0,37.3870661,1402.0,-1.22,-685.7,562.049180328
269,12/5/2010,,647.4,981.63,381,128,1258,24.0,37.22774621,1408.0,-1.36,-760.6,559.264705882
270,12/6/2010,,621.14,980.22,380,127,1258,24.0,37.12228517,1412.0,-1.41,-790.86,560.893617021
271,12/7/2010,,600.6,978.75,378,127,1258,24.0,36.93915903,1419.0,-1.47,-818.4,556.734693878
272,12/8/2010,,797.42,977.63,377,127,1258,24.0,37.01741996,1416.0,-1.12,-618.58,552.303571429
273,12/9/2010,,1529.84,977.81,376,126,1258,24.0,36.73207195,1427.0,0.18,102.84,571.333333333
278,12/14/2010,,3883.36,990.84,385,119,1258,24.0,28.78455061,1821.0,3.6,2062.36,572.877777778
279,12/15/2010,,2727.92,992.2,389,118,1583,24.0,33.92918381,1944.0,1.36,783.92,576.411764706
280,12/16/2010,,2009.28,992.86,390,117,1696,24.0,43.4337226,1627.0,0.66,382.28,579.212121212
281,12/17/2010,,1566.5,992.75,391,116,1431,24.0,36.5797546,1630.0,-0.11,-63.5,577.272727273
282,12/18/2010,,1281.8,992.16,394,116,1431,24.0,36.76017263,1622.0,-0.59,-340.2,576.610169491
283,12/19/2010,,1142.7,991.3,390,115,1431,24.0,36.31242387,1642.0,-0.86,-499.3,580.581395349
284,12/20/2010,,989.04,990.2,391,116,1431,24.0,36.82828907,1619.0,-1.1,-629.96,572.690909091
285,12/21/2010,,897.0,989.36,389,118,1240,24.0,37.41250302,1381.0,-0.84,-484.0,576.19047619
286,12/22/2010,,774.02,988.31,390,118,1240,24.0,37.52118131,1377.0,-1.05,-602.98,574.266666667
287,12/23/2010,,756.08,987.33,387,118,1178,22.0,37.26904581,1317.0,-0.98,-560.92,572.367346939
288,12/24/2010,,696.54,986.11,386,119,1240,24.0,37.19702424,1389.0,-1.22,-692.46,567.590163934
292,12/28/2010,,1173.38,987.58,388,124,1191,23.0,37.5662377,1321.0,-0.26,-147.62,567.769230769
293,12/29/2010,,1036.62,987.07,386,123,1191,23.0,37.34010534,1329.0,-0.51,-292.38,573.294117647
294,12/30/2010,,861.38,986.24,386,122,1191,23.0,37.31203008,1330.0,-0.83,-468.62,564.602409639
295,12/31/2010,,798.46,985.3,385,122,1191,23.0,37.22805701,1333.0,-0.94,-534.54,568.659574468
299,1/4/2011,,615.16,985.68,386,121,1077,21.0,37.14817881,1208.0,-1.04,-592.84,570.038461538
300,1/5/2011,,611.0,984.62,386,121,1077,21.0,37.14817881,1208.0,-1.06,-597.0,563.20754717
301,1/6/2011,,558.74,984.28,385,120,680,24.0,37.57736516,754.0,-0.34,-195.26,574.294117647
302,1/7/2011,,598.78,983.71,385,120,820,16.0,37.01697364,923.0,-0.57,-324.22,568.807017544
303,1/8/2011,,633.1,982.77,383,119,1027,19.0,36.95308002,1158.0,-0.94,-524.9,558.404255319
306,1/11/2011,,569.92,981.39,382,119,1058,20.0,36.79744018,1198.0,-1.12,-628.08,560.785714286
307,1/12/2011,,832.78,980.91,380,120,963,19.0,36.64383562,1095.0,-0.48,-262.22,546.291666667
308,1/13/2011,,2226.64,982.93,380,121,963,19.0,36.81192661,1090.0,2.02,1136.64,562.693069307
310,1/15/2011,,3232.84,987.31,382,119,1364,24.0,36.76153514,1546.0,2.98,1686.84,566.053691275
311,1/16/2011,,7140.12,996.97,385,117,1364,24.0,36.85689581,1542.0,9.66,5598.12,579.51552795
316,1/21/2011,,1665.82,998.72,397,113,1848,24.0,35.76405016,2153.0,-0.83,-487.18,586.963855422
317,1/22/2011,,1444.82,997.55,399,112,1848,24.0,35.98130841,2140.0,-1.17,-695.18,594.170940171
318,1/23/2011,,1232.66,995.97,396,113,1848,24.0,35.64814815,2160.0,-1.58,-927.34,586.924050633
319,1/24/2011,,1154.4,994.22,393,113,1848,24.0,35.32110092,2180.0,-1.75,-1025.6,586.057142857
322,1/27/2011,,945.62,993.23,394,117,1384,24.0,37.6660135,1531.0,-1.01,-585.38,579.584158416
323,1/28/2011,,900.12,992.43,393,119,1238,22.0,37.81769306,1364.0,-0.8,-463.88,579.85
324,1/29/2011,,1063.14,991.91,392,120,1238,22.0,37.78998779,1365.0,-0.52,-301.86,580.5
327,2/1/2011,,922.74,993.08,393,121,864,16.0,37.93466807,949.0,-0.05,-26.26,525.2
328,2/2/2011,,836.42,992.88,392,120,864,16.0,37.81512605,952.0,-0.2,-115.58,577.9
329,2/3/2011,,771.42,992.54,393,120,880,16.0,37.83969728,969.0,-0.34,-197.58,581.117647059
330,2/4/2011,,804.96,991.95,392,121,1042,18.0,37.786481,1149.0,-0.59,-344.04,583.118644068
331,2/5/2011,,801.32,991.34,391,121,1042,18.0,37.6880787,1152.0,-0.61,-350.68,574.885245902
334,2/8/2011,,813.54,991.3,392,122,1238,22.0,37.90105315,1361.0,-0.96,-547.46,570.270833333
335,2/9/2011,,763.88,990.26,390,124,1238,22.0,37.92892157,1360.0,-1.04,-596.12,573.192307692
336,2/10/2011,,713.44,989.13,389,125,1238,22.0,37.87322565,1362.0,-1.13,-648.56,573.946902655
337,2/11/2011,,711.62,987.99,388,125,1238,22.0,37.76232308,1366.0,-1.14,-654.38,574.01754386
338,2/12/2011,,682.5,986.81,388,128,1238,22.0,37.90105315,1361.0,-1.18,-678.5,575.0
341,2/15/2011,,926.38,986.59,388,128,1238,22.0,37.90105315,1361.0,-0.76,-434.62,571.868421053
342,2/16/2011,,872.3,985.73,387,128,1240,24.0,37.87878788,1364.0,-0.86,-491.7,571.744186047
343,2/17/2011,,818.48,984.76,386,128,1238,22.0,37.73469885,1367.0,-0.97,-548.52,565.484536082
344,2/18/2011,,755.3,983.67,384,128,1238,22.0,37.67957146,1369.0,-1.09,-613.7,563.027522936
345,2/19/2011,,703.04,982.01,382,127,1238,22.0,37.46066328,1377.0,-1.66,-673.96,406.0
348,2/22/2011,,639.86,981.0,382,121,1237,21.0,36.71058879,1404.0,-1.36,-764.14,561.867647059
349,2/23/2011,,620.1,980.25,380,121,912,16.0,36.75048356,1034.0,-0.75,-413.9,551.866666667
350,2/24/2011,,600.86,979.48,380,121,912,16.0,36.75048356,1034.0,-0.77,-433.14,562.519480519
351,2/25/2011,,528.06,978.56,379,122,912,16.0,36.75048356,1034.0,-0.92,-505.94,549.934782609
352,2/26/2011,,486.2,977.57,378,123,912,16.0,36.75048356,1034.0,-0.99,-547.8,553.333333333
355,3/1/2011,,570.18,977.28,377,123,848,16.0,36.65283541,964.0,-0.71,-393.82,554.676056338
356,3/2/2011,,573.56,976.57,377,121,848,16.0,36.57694962,966.0,-0.71,-392.44,552.732394366
357,3/3/2011,,587.08,975.88,376,121,848,16.0,36.50137741,968.0,-0.69,-380.92,552.057971014
358,3/4/2011,,533.0,974.89,375,120,939,17.0,36.39534884,1075.0,-0.99,-542.0,547.474747475
359,3/5/2011,,601.38,974.02,374,119,924,16.0,35.88070829,1073.0,-0.87,-471.62,542.091954023
362,3/8/2011,,547.56,973.52,373,120,826,16.0,36.3045007,948.0,-0.73,-400.44,548.547945205
366,3/12/2011,,1598.22,981.23,379,118,864,16.0,36.54822335,985.0,1.1,613.22,557.472727273
369,3/15/2011,,1895.66,986.73,385,120,864,16.0,37.15170279,969.0,1.63,926.66,568.503067485
370,3/16/2011,,2075.84,988.62,386,121,896,16.0,37.37070404,999.0,1.89,1076.84,569.756613757
371,3/17/2011,,1744.6,989.92,389,118,896,16.0,37.37070404,999.0,1.3,745.6,573.538461538
372,3/18/2011,,1442.74,990.04,390,118,1239,23.0,37.5181686,1376.0,0.12,66.74,556.166666667
373,3/19/2011,,1243.06,989.81,390,118,1239,23.0,37.5181686,1376.0,-0.23,-132.94,578.0
377,3/23/2011,,848.9,988.68,391,118,1568,24.0,36.84903177,1773.0,-1.98,-924.1,466.717171717
378,3/24/2011,,850.46,987.05,389,118,1568,24.0,36.70411985,1780.0,-1.63,-929.54,570.26993865
379,3/25/2011,,802.36,985.32,387,118,1568,24.0,36.56034322,1787.0,-1.73,-984.64,569.156069364
380,3/26/2011,,809.9,983.6,385,119,1568,24.0,36.62182362,1784.0,-1.72,-974.1,566.337209302
381,3/27/2011,,877.5,981.98,385,119,1568,24.0,36.62182362,1784.0,-1.62,-906.5,559.567901235
382,3/28/2011,,832.52,980.24,381,120,1568,24.0,36.17571059,1806.0,-1.74,-973.48,559.471264368
383,3/29/2011,,1018.94,978.79,379,119,1568,24.0,35.79908676,1825.0,-1.45,-806.06,555.903448276
384,3/30/2011,,1751.1,978.65,378,119,1568,24.0,35.72079461,1829.0,-0.14,-77.9,556.428571429
385,3/31/2011,,2414.36,981.44,378,118,750,17.0,36.25290023,862.0,2.79,1552.36,556.401433692
386,4/1/2011,,2349.1,984.29,382,116,664,24.0,37.08668454,746.0,2.85,1603.1,562.49122807
387,4/2/2011,,2134.86,986.68,383,117,696,24.0,37.03703704,783.0,2.39,1351.86,565.631799163
390,4/5/2011,,1550.64,992.62,392,117,663,16.0,36.88251001,749.0,1.38,801.64,580.898550725
391,4/6/2011,,1432.6,992.41,392,116,1392,24.0,37.25112396,1557.0,-0.21,-124.4,592.380952381
392,4/7/2011,,1226.16,991.97,391,116,1592,24.0,44.85012396,1479.0,-0.44,-252.84,574.636363636
393,4/8/2011,,1085.76,990.7,390,116,1592,24.0,36.40687889,1822.0,-1.27,-736.24,579.716535433
394,4/9/2011,,987.48,989.25,391,116,1592,24.0,36.46692322,1819.0,-1.45,-831.52,573.462068965
395,4/10/2011,,1009.58,987.84,389,116,1592,24.0,36.48698203,1818.0,-1.41,-808.42,573.347517731
396,4/11/2011,,1094.34,986.54,387,116,1592,24.0,36.18839789,1833.0,-1.3,-738.66,568.2
397,4/12/2011,,975.52,985.04,387,116,1592,24.0,36.18839789,1833.0,-1.5,-857.48,571.653333333
398,4/13/2011,,940.42,983.42,385,115,1592,24.0,35.81713463,1852.0,-1.62,-911.58,562.703703704
399,4/14/2011,,1037.14,981.85,383,115,1592,24.0,35.66308244,1860.0,-1.57,-822.86,524.114649682
401,4/16/2011,,1354.6,979.78,382,115,1592,24.0,35.58655222,1864.0,-0.91,-509.4,559.78021978
402,4/17/2011,,1308.32,978.8,380,114,1592,24.0,35.85585586,1850.0,-0.98,-541.68,552.734693878
403,4/18/2011,,1138.02,977.49,379,114,1592,24.0,35.52936976,1867.0,-1.31,-728.98,556.473282443
404,4/19/2011,,1037.14,975.97,377,116,1592,24.0,35.45341172,1871.0,-1.52,-833.86,548.592105263
405,4/20/2011,,924.3,974.2,375,117,1592,24.0,35.04138052,1893.0,-1.77,-968.7,547.288135593
406,4/21/2011,,887.9,974.04,373,117,848,16.0,36.05442177,980.0,-0.16,-92.1,575.625
407,4/22/2011,,815.88,973.15,375,116,1126,22.0,36.17322025,1297.0,-0.89,-481.12,540.584269663
408,4/23/2011,,758.16,972.15,373,117,1126,22.0,36.06200359,1301.0,-1.0,-542.84,542.84
411,4/26/2011,,1088.1,973.75,373,120,660,24.0,36.61784288,751.0,0.62,337.1,543.709677419
412,4/27/2011,,1109.94,973.57,373,120,1042,18.0,35.9112214,1209.0,-0.18,-99.06,550.333333333
413,4/28/2011,,1131.26,973.02,373,119,1240,24.0,36.13053613,1430.0,-0.55,-298.74,543.163636364
414,4/29/2011,,1050.14,972.32,373,118,1240,24.0,36.10528768,1431.0,-0.7,-380.86,544.085714286
415,4/30/2011,,955.5,971.43,372,118,1240,24.0,36.00464576,1435.0,-0.89,-479.5,538.764044944
418,5/3/2011,,874.9,974.06,375,118,549,21.0,36.6,625.0,0.46,249.9,543.260869565
419,5/4/2011,,868.14,973.03,374,119,1240,24.0,36.23188406,1426.0,-1.03,-557.86,541.611650485
420,5/5/2011,,906.62,972.07,371,120,1240,24.0,36.13053613,1430.0,-0.96,-523.38,545.1875
421,5/6/2011,,915.72,971.12,371,120,1240,24.0,36.13053613,1430.0,-0.95,-514.28,541.347368421
422,5/7/2011,,1131.0,970.58,369,120,1240,24.0,36.33380216,1422.0,-0.54,-291.0,538.888888889
425,5/10/2011,,1100.84,971.49,371,117,1240,24.0,35.87962963,1440.0,-0.62,-339.16,547.032258065
426,5/11/2011,,1186.12,971.01,371,115,1240,24.0,35.80503581,1443.0,-0.48,-256.88,535.166666667
427,5/12/2011,,1216.28,970.59,371,114,1240,24.0,35.75547866,1445.0,-0.42,-228.72,544.571428571
428,5/13/2011,,1153.62,970.03,370,112,1240,24.0,35.50973654,1455.0,-0.56,-301.38,538.178571429
429,5/14/2011,,1218.1,969.59,370,113,1240,24.0,35.55861436,1453.0,-0.44,-234.9,533.863636364
432,5/17/2011,,1710.54,975.11,374,114,1240,24.0,35.95453491,1437.0,0.5,273.54,547.08
434,5/19/2011,,1330.68,974.88,373,115,1240,24.0,35.92953176,1438.0,-0.2,-107.32,536.6
435,5/20/2011,,1276.86,974.6,374,115,1240,24.0,36.00464576,1435.0,-0.28,-158.14,564.785714286
436,5/21/2011,,1354.86,974.45,374,115,1240,24.0,36.00464576,1435.0,-0.15,-80.14,534.266666667
439,5/24/2011,,1191.06,976.19,377,117,1240,24.0,36.38497653,1420.0,-0.41,-228.94,558.390243902
440,5/25/2011,,1210.04,975.8,376,118,1240,24.0,36.30826892,1423.0,-0.39,-212.96,546.051282051
441,5/26/2011,,1275.04,975.54,376,120,1240,24.0,36.41061781,1419.0,-0.26,-143.96,553.692307692
442,5/27/2011,,1450.54,975.59,375,120,1240,24.0,36.33380216,1422.0,0.0500000000001,28.54,570.799999999
443,5/28/2011,,1386.06,975.52,376,118,1240,24.0,36.33380216,1422.0,-0.0700000000001,-35.94,513.428571428
447,6/1/2011,,1229.54,980.16,379,114,800,16.0,36.23188406,920.0,0.56,309.54,552.75
448,6/2/2011,,1268.28,980.79,380,114,800,16.0,36.31082062,918.0,0.63,350.28,556.0
449,6/3/2011,,1237.34,981.36,380,115,800,16.0,36.35041803,917.0,0.57,320.34,562.0
450,6/4/2011,,1240.98,981.94,381,115,800,16.0,36.4298725,915.0,0.58,325.98,562.034482759
453,6/7/2011,,1613.56,986.78,385,118,800,16.0,36.87315634,904.0,1.25,709.56,567.648
454,6/8/2011,,1434.94,987.72,385,119,800,16.0,36.9139904,903.0,0.94,531.94,565.893617021
455,6/9/2011,,1244.36,988.32,387,119,800,16.0,37.07823508,899.0,0.6,345.36,575.6
456,6/10/2011,,1240.72,988.92,388,119,800,16.0,37.16090673,897.0,0.6,343.72,572.866666667
457,6/11/2011,,1232.66,989.51,388,119,800,16.0,37.16090673,897.0,0.59,335.66,568.915254237
460,6/14/2011,,1113.58,992.4,392,118,800,16.0,37.45318352,890.0,0.39,223.58,573.282051282
461,6/15/2011,,1112.8,992.78,392,117,800,16.0,37.41114852,891.0,0.38,221.8,583.684210526
462,6/16/2011,,1044.42,993.05,392,116,800,16.0,37.36920777,892.0,0.27,152.42,564.518518519
463,6/17/2011,,974.48,993.19,392,115,800,16.0,37.36920777,892.0,0.14,82.48,589.142857142
464,6/18/2011,,1079.52,993.51,392,115,800,16.0,37.36920777,892.0,0.32,187.52,586.0
467,6/21/2011,,1006.98,995.57,394,113,880,16.0,37.45318352,979.0,0.0500000000001,27.98,559.599999999
468,6/22/2011,,1085.76,995.08,394,113,880,16.0,26.66666667,1375.0,-0.49,-289.24,590.285714286
469,6/23/2011,,1101.1,994.61,394,112,1239,23.0,37.49092229,1377.0,-0.47,-275.9,587.021276596
470,6/24/2011,,1022.58,994.01,395,112,1239,23.0,37.60014567,1373.0,-0.6,-350.42,584.033333333
471,6/25/2011,,900.38,993.19,393,113,1239,23.0,37.46371553,1378.0,-0.82,-477.62,582.463414634
474,6/28/2011,,911.82,992.99,393,113,1239,23.0,37.46371553,1378.0,-0.81,-466.18,575.530864198
475,6/29/2011,,952.64,993.09,393,111,800,16.0,37.20238095,896.0,0.1,56.64,566.4
476,6/30/2011,,939.64,993.17,393,112,800,16.0,37.24394786,895.0,0.0799999999999,44.64,558.000000001
477,7/1/2011,,843.18,993.08,394,112,800,16.0,37.32736096,893.0,-0.0899999999999,-49.82,553.555555556
478,7/2/2011,,811.2,992.93,392,112,800,16.0,37.11952487,898.0,-0.15,-86.8,578.666666666
482,7/6/2011,,835.12,995.02,396,111,962,18.0,37.60162602,1066.0,-0.39,-230.88,592.0
484,7/8/2011,,767.52,994.76,395,112,800,16.0,37.41114852,891.0,-0.21,-123.48,588.0
485,7/9/2011,,714.22,994.44,392,112,800,16.0,37.11952487,898.0,-0.32,-183.78,574.3125
488,7/12/2011,,637.0,994.93,394,112,720,16.0,37.03703704,810.0,-0.3,-173.0,576.666666667
490,7/14/2011,,574.34,994.35,394,111,640,16.0,36.4298725,732.0,-0.28,-157.66,563.071428571
491,7/15/2011,,537.42,994.01,394,111,640,16.0,36.4298725,732.0,-0.34,-194.58,572.294117647
492,7/16/2011,,586.82,994.24,393,111,420,16.0,38.54625551,454.0,0.23,132.82,577.47826087
495,7/19/2011,,538.2,994.28,394,112,720,16.0,37.03703704,810.0,-0.47,-271.8,578.29787234
496,7/20/2011,,527.8,994.4,394,112,416,16.0,37.68115942,460.0,0.12,67.8,565.0
497,7/21/2011,,518.44,993.45,394,112,962,18.0,37.46105919,1070.0,-0.95,-551.56,580.589473684
498,7/22/2011,,509.6,992.48,393,112,962,18.0,37.35632184,1073.0,-0.97,-563.4,580.824742268
499,7/23/2011,,477.88,991.44,391,111,962,18.0,37.14859438,1079.0,-1.04,-601.12,578.0
505,7/29/2011,,446.68,994.26,393,111,320,16.0,36.63003663,364.0,0.15,82.68,551.2
506,7/30/2011,,421.72,994.36,394,112,320,16.0,36.73094582,363.0,0.1,58.72,587.2
510,8/3/2011,,386.36,994.89,395,113,400,16.0,37.70739065,442.0,-0.1,-55.64,556.4
511,8/4/2011,,382.98,994.79,395,112,400,16.0,37.70739065,442.0,-0.1,-59.02,590.2
512,8/5/2011,,374.92,994.67,394,112,400,16.0,37.62227239,443.0,-0.12,-68.08,567.333333333
517,8/10/2011,,326.3,996.11,396,112,400,16.0,37.70739065,442.0,-0.2,-115.7,578.5
518,8/11/2011,,318.76,995.9,396,112,400,16.0,37.70739065,442.0,-0.21,-123.24,586.857142857
523,8/16/2011,,324.22,997.15,396,112,400,16.0,37.70739065,442.0,-0.2,-117.78,588.9
524,8/17/2011,,270.92,996.86,396,111,400,16.0,37.70739065,442.0,-0.29,-171.08,589.931034483
525,8/18/2011,,295.62,996.61,396,112,400,16.0,37.70739065,442.0,-0.25,-146.38,585.52
526,8/19/2011,990.0,257.4,996.29,397,113,400,16.0,37.79289494,441.0,-0.32,-183.6,573.75
530,8/23/2011,,282.88,996.65,397,111,400,16.0,37.79289494,441.0,-0.27,-158.12,585.62962963
531,8/24/2011,,269.62,996.35,394,112,400,16.0,37.62227239,443.0,-0.3,-173.38,577.933333333
532,8/25/2011,,269.1,996.06,395,112,400,16.0,37.70739065,442.0,-0.29,-172.9,596.206896552
538,8/31/2011,900.0,234.0,996.3,397,112,400,16.0,37.79289494,441.0,-0.35,-207.0,591.428571429
539,9/1/2011,892.0,231.92,995.94,396,112,400,16.0,37.70739065,442.0,-0.36,-210.08,583.555555556
546,9/8/2011,857.0,222.82,997.12,397,113,416,16.0,37.92851933,457.0,-0.4,-234.18,585.45
552,9/14/2011,806.0,209.56,997.31,397,118,368,16.0,37.8600823,405.0,-0.33,-195.44,592.242424242
553,9/15/2011,813.0,211.38,996.98,397,120,368,16.0,37.95379538,404.0,-0.33,-192.62,583.696969697
558,9/20/2011,908.0,236.08,997.7,398,127,368,16.0,38.33333333,400.0,-0.3,-163.92,546.4
559,9/21/2011,861.0,223.86,997.4,398,126,368,16.0,38.23773899,401.0,-0.3,-177.14,590.466666667
560,9/22/2011,860.0,223.6,997.09,397,125,368,16.0,38.14262023,402.0,-0.31,-178.4,575.483870968
565,9/27/2011,,349.96,998.43,398,124,368,16.0,38.14262023,402.0,-0.09,-52.04,578.222222222
566,9/28/2011,,261.56,998.15,399,125,368,16.0,38.23773899,401.0,-0.28,-139.44,498.0
568,9/30/2011,858.0,223.08,996.67,396,123,854,16.0,38.22055138,931.0,-1.21,-707.92,585.05785124
572,10/4/2011,963.0,250.38,994.83,396,123,928,16.0,38.3978815,1007.0,-1.29,-756.62,586.527131783
573,10/5/2011,,286.52,993.58,394,123,928,16.0,38.0952381,1015.0,-1.25,-728.48,582.784
574,10/6/2011,965.0,250.9,993.11,393,125,480,16.0,38.38771593,521.0,-0.47,-270.1,574.680851064
575,10/7/2011,952.0,247.52,992.64,393,125,480,16.0,38.38771593,521.0,-0.47,-273.48,581.872340425
576,10/8/2011,954.0,248.04,992.17,392,126,480,16.0,38.46153846,520.0,-0.47,-271.96,578.638297872
579,10/11/2011,,516.62,992.14,393,128,496,16.0,38.55721393,536.0,-0.04,-19.38,484.5
580,10/12/2011,,558.48,992.21,392,128,480,16.0,38.61003861,518.0,0.0700000000001,40.48,578.285714285
581,10/13/2011,,380.64,991.98,392,130,480,16.0,38.68471954,517.0,-0.23,-136.36,592.869565217
582,10/14/2011,,311.22,991.62,392,130,480,16.0,38.68471954,517.0,-0.36,-205.78,571.611111111
583,10/15/2011,,269.88,991.19,391,130,480,16.0,38.61003861,518.0,-0.43,-248.12,577.023255814
586,10/18/2011,,263.64,990.85,391,131,448,16.0,38.7275242,482.0,-0.38,-218.36,574.631578947
587,10/19/2011,864.0,224.64,990.4,391,131,448,16.0,38.7275242,482.0,-0.45,-257.36,571.911111111
588,10/20/2011,973.0,252.98,990.0,391,130,448,16.0,38.647343,483.0,-0.4,-230.02,575.05
589,10/21/2011,964.0,250.64,989.54,390,131,480,16.0,38.61003861,518.0,-0.46,-267.36,581.217391304
590,10/22/2011,,353.08,989.24,389,130,480,16.0,38.46153846,520.0,-0.3,-166.92,556.4
600,11/1/2011,,338.26,984.9,385,128,480,16.0,38.0952381,525.0,-0.34,-186.74,549.235294118
601,11/2/2011,,293.8,984.5,385,128,480,16.0,38.0952381,525.0,-0.4,-231.2,578.0
602,11/3/2011,,335.92,984.16,383,128,480,16.0,37.95066414,527.0,-0.34,-191.08,562.0
603,11/4/2011,,269.62,983.7,384,128,480,16.0,38.02281369,526.0,-0.46,-256.38,557.347826087
604,11/5/2011,,321.62,983.34,383,127,480,16.0,37.87878788,528.0,-0.36,-206.38,573.277777778
607,11/8/2011,,268.84,982.88,383,126,480,16.0,37.73584906,530.0,-0.46,-261.16,567.739130435
608,11/9/2011,,277.16,982.42,382,126,480,16.0,37.66478343,531.0,-0.46,-253.84,551.826086956
609,11/10/2011,981.0,255.06,981.93,383,126,480,16.0,37.73584906,530.0,-0.49,-274.94,561.102040816
618,11/19/2011,,560.3,987.91,388,127,542,10.0,37.89149888,596.0,-0.0600000000001,-35.7,594.999999999
621,11/22/2011,,2927.34,988.41,387,127,1848,24.0,36.5448505,2107.0,1.43,820.34,573.664335664
622,11/23/2011,,5105.1,993.62,387,124,1848,24.0,35.99812997,2139.0,5.21,2966.1,569.309021113
623,11/24/2011,,3085.94,995.29,392,120,1848,24.0,35.45119705,2172.0,1.67,913.94,547.269461078
628,11/29/2011,,1088.62,990.61,391,119,1232,16.0,36.58826325,1403.0,-0.54,-314.38,582.185185185
629,11/30/2011,,998.4,989.94,390,118,1239,23.0,37.5181686,1376.0,-0.67,-377.6,563.582089552
630,12/1/2011,,861.38,989.04,390,118,1239,23.0,37.5181686,1376.0,-0.9,-514.62,571.8
631,12/2/2011,,795.6,988.01,389,117,1239,23.0,37.38233164,1381.0,-1.03,-585.4,568.349514563
632,12/3/2011,,698.62,986.8,388,117,1239,23.0,37.27436823,1385.0,-1.21,-686.38,567.256198347
635,12/6/2011,,572.52,986.08,386,117,775,15.0,37.11685824,870.0,-0.52,-297.48,572.076923077
636,12/7/2011,,554.06,985.52,386,117,775,15.0,37.11685824,870.0,-0.56,-315.94,564.178571429
637,12/8/2011,,577.46,985.0,385,117,775,15.0,37.03172783,872.0,-0.52,-294.54,566.423076923
638,12/9/2011,,403.78,984.17,384,116,775,15.0,36.9047619,875.0,-0.83,-471.22,567.734939759
639,12/10/2011,,413.66,983.35,384,115,775,15.0,36.73682215,879.0,-0.82,-465.34,567.487804878
642,12/13/2011,,385.06,982.49,382,114,775,15.0,36.52903469,884.0,-0.89,-498.94,560.606741573
643,12/14/2011,,417.56,981.67,382,115,775,15.0,36.69507576,880.0,-0.82,-462.44,563.951219512
644,12/15/2011,,381.68,980.77,381,117,775,15.0,36.69507576,880.0,-0.9,-498.32,553.688888889
645,12/16/2011,,417.56,979.95,381,117,775,15.0,36.69507576,880.0,-0.82,-462.44,563.951219512
646,12/17/2011,,363.74,979.01,380,115,775,15.0,36.52903469,884.0,-0.94,-520.26,553.468085106
649,12/20/2011,,348.4,977.77,378,116,775,15.0,36.36448949,888.0,-0.97,-539.6,556.288659794
650,12/21/2011,,346.84,976.79,377,116,775,15.0,36.32358455,889.0,-0.98,-542.16,553.224489796
651,12/22/2011,,332.28,975.77,377,116,775,15.0,36.28277154,890.0,-1.02,-557.72,546.784313725
659,12/30/2011,,3426.02,986.29,383,116,1848,24.0,34.57566233,2227.0,2.11,1199.02,568.255924171
664,1/4/2012,,1147.9,994.15,394,115,852,16.0,37.68577495,942.0,0.35,205.9,588.285714286
665,1/5/2012,,1181.96,994.57,394,118,852,16.0,37.80617678,939.0,0.42,242.96,578.476190476
666,1/6/2012,,1050.4,994.31,393,118,1084,20.0,37.67028079,1199.0,-0.26,-148.6,571.538461538
667,1/7/2012,,960.96,993.91,393,119,1084,20.0,37.73322194,1197.0,-0.4,-236.04,590.1
670,1/10/2012,,755.56,992.11,393,120,1238,22.0,37.90105315,1361.0,-1.04,-605.44,582.153846154
671,1/11/2012,,698.36,991.1,392,120,1161,21.0,37.82251759,1279.0,-1.01,-580.64,574.891089109
672,1/12/2012,,652.6,990.01,391,121,1161,21.0,37.79296875,1280.0,-1.09,-627.4,575.596330275
673,1/13/2012,,540.02,988.7,388,121,1161,21.0,37.5,1290.0,-1.31,-749.98,572.503816794
674,1/14/2012,,559.0,987.42,387,120,1161,21.0,37.35521236,1295.0,-1.28,-736.0,575.0
677,1/17/2012,,489.06,985.54,386,121,1161,21.0,37.32638889,1296.0,-1.42,-806.94,568.267605634
678,1/18/2012,,648.44,984.25,385,122,1238,22.0,37.35216027,1381.0,-1.29,-732.56,567.875968992
679,1/19/2012,,1352.52,984.19,382,125,1238,22.0,37.21741222,1386.0,-0.0599999999999,-33.48,558.000000001
680,1/20/2012,,1753.7,983.43,384,122,1848,24.0,35.32110092,2180.0,-0.76,-426.3,560.921052632
681,1/21/2012,,2517.06,984.01,382,120,1848,24.0,35.09571559,2194.0,0.58,323.06,557.0
682,1/22/2012,,2040.74,983.7,382,118,1848,24.0,34.76297968,2215.0,-0.31,-174.26,562.129032258
683,1/23/2012,,1634.88,982.68,383,119,1848,24.0,34.85740154,2209.0,-1.02,-574.12,562.862745098
684,1/24/2012,,1361.36,981.2,382,120,1848,24.0,35.09571559,2194.0,-1.48,-832.64,562.594594595
685,1/25/2012,,2074.02,980.96,380,120,1848,24.0,34.87318841,2208.0,-0.24,-133.98,558.25
686,1/26/2012,,2322.06,982.58,379,118,1238,22.0,36.48043376,1414.0,1.62,908.06,560.530864198
687,1/27/2012,,1886.82,983.39,380,117,1238,22.0,36.04705334,1431.0,0.81,455.82,562.740740741
691,1/31/2012,,1639.82,987.69,386,113,1238,22.0,36.66192845,1407.0,0.41,232.82,567.853658536
693,2/2/2012,,1229.54,987.4,386,112,1238,22.0,36.55799669,1411.0,-0.31,-181.46,585.35483871
694,2/3/2012,,1112.28,986.88,387,113,1238,22.0,36.74026591,1404.0,-0.52,-291.72,561.0
695,2/4/2012,,991.38,986.15,385,113,1238,22.0,36.55799669,1411.0,-0.73,-419.62,574.821917808
698,2/7/2012,,843.44,985.45,386,115,1238,22.0,36.81893885,1401.0,-0.98,-557.56,568.93877551
699,2/8/2012,,647.14,984.12,383,118,1238,22.0,36.81893885,1401.0,-1.33,-753.86,566.812030075
700,2/9/2012,,693.94,982.87,384,118,1238,22.0,36.89794945,1398.0,-1.25,-704.06,563.248
701,2/10/2012,,725.92,981.66,381,119,1238,22.0,36.74026591,1404.0,-1.21,-678.08,560.396694215
702,2/11/2012,,771.94,980.52,380,118,1238,22.0,36.55799669,1411.0,-1.14,-639.06,560.578947368
703,2/12/2012,,708.76,979.25,380,118,1238,22.0,36.55799669,1411.0,-1.27,-702.24,552.94488189
704,2/13/2012,,763.88,978.08,380,117,1238,22.0,36.48043376,1414.0,-1.17,-650.12,555.658119658
705,2/14/2012,,683.54,976.73,378,118,1238,22.0,36.37752703,1418.0,-1.35,-734.46,544.044444444
706,2/15/2012,,687.96,975.42,376,119,1238,22.0,36.30072719,1421.0,-1.31,-733.04,559.572519084
707,2/16/2012,,725.14,974.15,375,120,1238,22.0,36.32629108,1420.0,-1.27,-694.86,547.133858268
708,2/17/2012,,608.14,972.63,373,119,1238,22.0,36.04705334,1431.0,-1.52,-822.86,541.355263158
709,2/18/2012,,852.54,971.56,372,119,1238,22.0,35.9716411,1434.0,-1.07,-581.46,543.420560748
712,2/21/2012,,1276.86,971.23,370,118,1238,22.0,35.69780854,1445.0,-0.31,-168.14,542.387096774
713,2/22/2012,,3738.02,975.41,370,115,1238,22.0,35.30686744,1461.0,4.18,2277.02,544.741626794
714,2/23/2012,,2729.22,977.74,375,113,1238,22.0,35.59926386,1449.0,2.33,1280.22,549.450643777
715,2/24/2012,,1955.72,978.69,378,115,1238,22.0,36.09750408,1429.0,0.95,526.72,554.442105263
716,2/25/2012,,1649.44,979.09,378,115,1238,22.0,36.09750408,1429.0,0.4,220.44,551.1
717,2/26/2012,,1313.0,978.88,377,116,1238,22.0,36.12278245,1428.0,-0.21,-115.0,547.619047619
718,2/27/2012,,1036.88,978.19,378,117,1238,22.0,36.30072719,1421.0,-0.69,-384.12,556.695652174
719,2/28/2012,,665.34,976.8,376,117,1238,22.0,36.09750408,1429.0,-1.39,-763.66,549.395683453
720,2/29/2012,,1178.32,976.34,375,117,1238,22.0,36.02188082,1432.0,-0.46,-253.68,551.47826087
722,3/2/2012,,683.8,974.07,375,119,1238,22.0,36.22425094,1424.0,-1.36,-740.2,544.264705882
723,3/3/2012,,707.46,972.74,373,119,1238,22.0,36.04705334,1431.0,-1.33,-723.54,544.015037594
724,3/4/2012,,633.88,971.26,372,118,1238,22.0,35.8715809,1438.0,-1.48,-804.12,543.324324324
725,3/5/2012,,693.68,969.87,370,118,1238,22.0,35.69780854,1445.0,-1.39,-751.32,540.517985612
726,3/6/2012,,634.92,968.33,368,117,1238,22.0,35.40379776,1457.0,-1.54,-822.08,533.818181818
727,3/7/2012,,555.62,966.64,367,117,1238,22.0,35.33105023,1460.0,-1.69,-904.38,535.136094675
728,3/8/2012,,580.06,964.96,366,116,1238,22.0,34.9007668,1478.0,-1.68,-897.94,534.488095238
729,3/9/2012,,638.56,963.38,364,117,1238,22.0,34.9007668,1478.0,-1.58,-839.44,531.29113924
730,3/10/2012,,798.2,962.11,363,120,1238,22.0,35.09070295,1470.0,-1.27,-671.8,528.976377953
731,3/11/2012,,851.76,960.95,361,122,1238,22.0,35.2345173,1464.0,-1.16,-612.24,527.793103448
732,3/12/2012,,875.94,959.82,360,122,1238,22.0,35.13851045,1468.0,-1.13,-592.06,523.946902655
733,3/13/2012,,879.58,958.68,359,121,1238,22.0,35.06684795,1471.0,-1.14,-591.42,518.789473684
734,3/14/2012,,912.86,957.58,357,121,1238,22.0,34.9243963,1477.0,-1.1,-564.14,512.854545455
736,3/16/2012,,2306.2,960.16,358,121,1238,22.0,34.99547716,1474.0,1.61,832.2,516.894409938
737,3/17/2012,,1798.68,960.79,360,119,1238,22.0,34.87716926,1479.0,0.63,319.68,507.428571429
739,3/19/2012,,1257.62,960.41,360,118,1238,22.0,34.7362514,1485.0,-0.43,-227.38,528.790697674
740,3/20/2012,,1253.46,959.99,360,120,1238,22.0,35.01923512,1473.0,-0.42,-219.54,522.714285714
741,3/21/2012,,984.36,959.05,359,121,1238,22.0,35.06684795,1471.0,-0.94,-486.64,517.70212766
742,3/22/2012,,1034.8,958.22,359,122,1234,22.0,35.16871865,1462.0,-0.83,-427.2,514.698795181
743,3/23/2012,,902.72,957.13,357,123,1238,22.0,35.04302536,1472.0,-1.09,-569.28,522.275229358
744,3/24/2012,,620.36,955.5,355,125,1238,22.0,35.13851045,1468.0,-1.63,-847.64,520.024539877
745,3/25/2012,,866.06,954.34,354,126,1238,22.0,35.06684795,1471.0,-1.16,-604.94,521.5
746,3/26/2012,,657.8,952.77,354,126,1238,22.0,35.06684795,1471.0,-1.57,-813.2,517.961783439
747,3/27/2012,,721.76,951.29,352,125,1238,22.0,34.94805781,1476.0,-1.48,-754.24,509.621621622
748,3/28/2012,,882.44,950.1,350,125,1236,22.0,34.68013468,1485.0,-1.19,-602.56,506.352941176
749,3/29/2012,,1370.98,949.86,349,124,1238,22.0,34.64293709,1489.0,-0.24,-118.02,491.75
750,3/30/2012,,3779.1,954.4,349,124,1237,22.0,34.63821685,1488.0,4.54,2291.1,504.647577093
751,3/31/2012,,2948.14,957.25,353,122,1238,22.0,34.66621864,1488.0,2.85,1460.14,512.329824561
752,4/1/2012,,2177.24,958.6,357,120,1238,22.0,34.83006977,1481.0,1.35,696.24,515.733333333
753,4/2/2012,,1788.54,959.19,358,119,1238,22.0,34.75965858,1484.0,0.59,304.54,516.169491525
754,4/3/2012,,1631.76,959.46,358,117,1235,22.0,34.69880872,1483.0,0.27,148.76,550.962962963
755,4/4/2012,,1419.34,959.32,358,118,1238,22.0,34.6196868,1490.0,-0.14,-70.66,504.714285714
756,4/5/2012,,1283.36,958.92,358,118,1238,22.0,34.6196868,1490.0,-0.4,-206.64,516.6
757,4/6/2012,,1129.18,958.24,359,119,1238,22.0,34.83006977,1481.0,-0.68,-351.82,517.382352941
759,4/8/2012,,969.54,956.52,358,118,1238,22.0,34.6196868,1490.0,-1.01,-520.46,515.306930693
760,4/9/2012,,923.52,955.41,357,118,1238,22.0,34.5501228,1493.0,-1.11,-569.48,513.045045045
761,4/10/2012,,941.72,954.32,354,119,1238,22.0,34.5039019,1495.0,-1.09,-553.28,507.596330275
762,4/11/2012,,1041.3,953.41,355,117,1238,22.0,34.25188136,1506.0,-0.91,-464.7,510.659340659
763,4/12/2012,,1052.48,952.52,353,118,1237,22.0,34.29252606,1503.0,-0.89,-450.52,506.202247191
764,4/13/2012,,995.8,951.52,351,118,1238,22.0,34.1611479,1510.0,-1.0,-514.2,514.2
765,4/14/2012,,970.32,950.45,352,117,1236,22.0,34.06084656,1512.0,-1.07,-541.68,506.242990654
766,4/15/2012,,933.14,949.26,350,116,1238,22.0,33.758726,1528.0,-1.19,-594.86,499.882352941
767,4/16/2012,,1331.72,948.86,349,116,1238,22.0,33.69257566,1531.0,-0.4,-199.28,498.2
768,4/17/2012,,1430.78,948.65,349,114,1238,22.0,33.67058312,1532.0,-0.21,-101.22,482.0
769,4/18/2012,,1430.52,948.46,348,114,1238,22.0,33.60477742,1535.0,-0.19,-104.48,549.894736842
770,4/19/2012,,1399.58,948.18,349,113,1238,22.0,33.495671,1540.0,-0.28,-140.42,501.5
771,4/20/2012,,1794.26,948.7,348,114,1238,22.0,33.60477742,1535.0,0.52,259.26,498.576923077
772,4/21/2012,,1882.66,949.39,349,113,1238,22.0,33.495671,1540.0,0.69,342.66,496.608695652
773,4/22/2012,,1940.38,950.22,349,115,1238,22.0,33.84733158,1524.0,0.83,416.38,501.662650602
778,4/27/2012,,1992.38,966.43,365,116,1238,22.0,35.01923512,1473.0,0.98,519.38,529.979591837
779,4/28/2012,,1680.38,966.83,367,114,1238,22.0,34.9007668,1478.0,0.4,202.38,505.95
780,4/29/2012,,2119.52,968.04,367,115,1238,22.0,35.04302536,1472.0,1.21,647.52,535.140495868
781,4/30/2012,,2728.18,970.39,368,116,1238,22.0,35.28271774,1462.0,2.35,1266.18,538.8
782,5/1/2012,,2869.1,972.99,370,116,1238,22.0,35.45246277,1455.0,2.6,1414.1,543.884615385
783,5/2/2012,,2445.04,974.9,372,115,1238,22.0,35.59926386,1449.0,1.91,996.04,521.486910995
784,5/3/2012,,2665.26,977.04,375,115,1238,22.0,35.84665277,1439.0,2.14,1226.26,573.018691589
785,5/4/2012,,2559.18,979.06,377,115,1238,22.0,35.7969003,1441.0,2.02,1118.18,553.554455446
786,5/5/2012,,3116.36,982.05,378,113,1238,22.0,35.59926386,1449.0,2.99,1667.36,557.64548495
787,5/6/2012,,2745.34,984.38,382,112,1238,22.0,36.19883041,1425.0,2.33,1320.34,566.669527897
788,5/7/2012,,1419.34,984.37,382,116,1238,22.0,36.19883041,1425.0,-0.00999999999999,-5.66,566.000000001
789,5/8/2012,,1273.22,984.12,385,118,1238,22.0,36.42890772,1416.0,-0.25,-142.78,571.12
790,5/9/2012,,592.54,982.66,384,117,1238,22.0,36.27519925,1422.0,-1.46,-829.46,568.123287671
791,5/10/2012,,995.28,981.87,381,116,1238,22.0,36.14809624,1427.0,-0.79,-431.72,546.481012658
792,5/11/2012,,1890.2,982.69,381,116,1238,22.0,36.14809624,1427.0,0.82,463.2,564.87804878
793,5/12/2012,,1749.28,983.25,382,116,1238,22.0,36.19883041,1425.0,0.56,324.28,579.071428571
794,5/13/2012,,1069.12,982.62,383,116,1238,22.0,36.24970719,1423.0,-0.63,-353.88,561.714285714
795,5/14/2012,,1180.4,982.16,382,113,1238,22.0,35.84665277,1439.0,-0.46,-258.6,562.173913043
796,5/15/2012,,927.94,981.26,382,115,1238,22.0,36.09750408,1429.0,-0.9,-501.06,556.733333333
797,5/16/2012,,1073.8,980.6,380,114,1238,22.0,35.8715809,1438.0,-0.66,-364.2,551.818181818
798,5/17/2012,,2048.28,981.67,380,112,1238,22.0,35.74728575,1443.0,1.07,605.28,565.682242991
799,5/18/2012,,1398.54,981.61,382,114,1238,22.0,35.9716411,1434.0,-0.0599999999999,-35.46,591.000000001
803,5/22/2012,,1456.26,982.98,383,113,1236,22.0,36.3700565,1416.0,0.0700000000001,40.26,575.142857142
804,5/23/2012,,1101.36,982.42,383,113,1238,22.0,36.37752703,1418.0,-0.56,-316.64,565.428571429
806,5/25/2012,,1742.0,983.13,380,114,1238,22.0,36.17344554,1426.0,0.57,316.0,554.385964912
811,5/30/2012,,888.94,987.32,388,112,1238,22.0,36.74026591,1404.0,-0.9,-515.06,572.288888889
812,5/31/2012,,910.26,986.45,387,113,1238,22.0,36.74026591,1404.0,-0.87,-493.74,567.517241379
813,6/1/2012,,990.08,985.7,384,113,1238,22.0,36.48043376,1414.0,-0.75,-423.92,565.226666667
817,6/5/2012,,1066.26,988.02,388,114,1238,22.0,36.92436173,1397.0,-0.57,-330.74,580.245614035
818,6/6/2012,,971.62,987.27,388,114,1238,22.0,36.92436173,1397.0,-0.75,-425.38,567.173333333
819,6/7/2012,,964.86,986.5,387,113,1238,22.0,36.74026591,1404.0,-0.77,-439.14,570.311688312
820,6/8/2012,,1032.72,985.85,387,113,1238,22.0,36.74026591,1404.0,-0.65,-371.28,571.2
824,6/12/2012,,1180.14,987.53,387,112,1198,22.0,36.78457381,1357.0,-0.39,-176.86,453.487179487
833,6/21/2012,,708.24,989.82,390,113,1238,22.0,37.03039005,1393.0,-1.19,-684.76,575.428571429
837,6/25/2012,,660.66,990.25,392,113,1238,22.0,37.21741222,1386.0,-1.26,-725.34,575.666666667
840,6/28/2012,,464.36,988.34,389,113,1238,22.0,36.95081184,1396.0,-1.62,-931.64,575.086419753
841,6/29/2012,,582.92,986.9,388,112,1238,22.0,36.81893885,1401.0,-1.44,-818.08,568.111111111
842,6/30/2012,,602.68,985.48,386,112,1238,22.0,36.55799669,1411.0,-1.42,-808.32,569.23943662
860,7/18/2012,,417.04,995.6,394,112,400,8.0,37.36920777,446.0,-0.05,-28.96,579.200000001
867,7/25/2012,,341.64,996.39,397,112,603,11.0,37.72522523,666.0,-0.55,-324.36,589.745454545
868,7/26/2012,,349.44,995.84,396,112,603,11.0,37.61227545,668.0,-0.55,-318.56,579.2
875,8/2/2012,,340.08,997.39,398,112,603,11.0,37.83885542,664.0,-0.55,-323.92,588.945454545
881,8/8/2012,,295.88,998.12,399,112,603,11.0,37.95317221,662.0,-0.62,-366.12,590.516129032
882,8/9/2012,,278.46,997.47,398,113,603,11.0,37.8959276,663.0,-0.65,-384.54,591.6
883,8/10/2012,,280.28,996.82,397,113,603,11.0,37.78195489,665.0,-0.65,-384.72,591.876923077
884,8/11/2012,,272.22,996.15,396,114,603,11.0,37.72522523,666.0,-0.67,-393.78,587.731343284
889,8/16/2012,957.0,248.82,993.84,396,115,1206,22.0,37.78195489,1330.0,-1.85,-1081.18,584.421621622
890,8/17/2012,890.0,231.4,991.94,394,115,1206,22.0,37.66866567,1334.0,-1.9,-1102.6,580.315789474
891,8/18/2012,,294.32,990.13,392,115,1206,22.0,37.47203579,1341.0,-1.81,-1046.68,578.276243094
911,9/7/2012,759.0,197.34,994.99,397,119,1206,22.0,38.21292776,1315.0,-1.9,-1117.66,588.242105263
939,10/5/2012,711.0,184.86,997.55,398,119,400,16.0,38.22629969,436.0,-0.42,-251.14,597.952380952
944,10/10/2012,706.0,183.56,996.82,397,120,400,16.0,38.13882532,437.0,-0.43,-253.44,589.395348837
945,10/11/2012,658.0,171.08,996.37,397,120,400,16.0,38.13882532,437.0,-0.45,-265.92,590.933333333
946,10/12/2012,824.0,214.24,995.99,397,121,400,16.0,38.13882532,437.0,-0.38,-222.76,586.210526316
950,10/16/2012,,500.24,995.59,397,120,1238,22.0,38.29497649,1347.0,-1.44,-846.76,588.027777778
951,10/17/2012,,265.98,994.4,396,120,880,16.0,38.15469997,961.0,-1.19,-695.02,584.050420168
952,10/18/2012,835.0,217.1,992.74,394,120,880,16.0,37.95721187,966.0,-1.66,-748.9,451.144578313
957,10/23/2012,,339.56,990.96,392,121,880,16.0,37.87878788,968.0,-1.1,-628.44,571.309090909
961,10/27/2012,,463.58,988.51,389,121,880,16.0,37.64544832,974.0,-0.88,-510.42,580.022727273
962,10/28/2012,,931.32,988.42,388,121,880,16.0,37.52985329,977.0,-0.09,-45.68,507.555555555
963,10/29/2012,,2322.58,990.55,388,120,990,18.0,37.5,1100.0,2.13,1222.58,573.981220657
964,10/30/2012,,1950.78,991.38,388,118,1320,24.0,37.26287263,1476.0,0.83,474.78,572.024096386
965,10/31/2012,,1776.84,990.73,390,117,1848,24.0,35.76405016,2153.0,-0.65,-376.16,578.707692308
966,11/1/2012,,1553.24,991.03,390,117,1238,22.0,37.37922705,1380.0,0.3,173.24,577.466666667
967,11/2/2012,,1349.4,990.97,391,116,1238,22.0,37.37922705,1380.0,-0.0599999999999,-30.6,510.0
968,11/3/2012,,1228.24,990.7,390,116,1238,22.0,37.29814413,1383.0,-0.27,-154.76,573.185185185
971,11/6/2012,,928.2,991.42,391,117,1238,22.0,37.4878876,1376.0,-0.77,-447.8,581.558441558
972,11/7/2012,,840.58,990.5,392,117,1238,22.0,37.59718173,1372.0,-0.92,-531.42,577.630434783
973,11/8/2012,,737.36,989.39,390,119,1238,22.0,37.54245512,1374.0,-1.11,-636.64,573.54954955
974,11/9/2012,,630.76,988.09,389,119,1238,22.0,37.46066328,1377.0,-1.3,-746.24,574.030769231
975,11/10/2012,,596.18,986.71,388,119,1238,22.0,37.35216027,1381.0,-1.38,-784.82,568.710144928
976,11/11/2012,,619.58,985.37,386,120,1238,22.0,37.21741222,1386.0,-1.34,-766.42,571.955223881
977,11/12/2012,,905.06,984.52,385,121,1238,22.0,37.27119461,1384.0,-0.85,-478.94,563.458823529
978,11/13/2012,,781.56,983.44,385,120,1238,22.0,37.13702904,1389.0,-1.08,-607.44,562.444444444
979,11/14/2012,,709.8,982.24,384,121,1238,22.0,37.19057919,1387.0,-1.2,-677.2,564.333333333
982,11/17/2012,,705.38,978.13,377,120,1238,22.0,36.48043376,1414.0,-1.28,-708.62,553.609375
983,11/18/2012,,906.88,977.21,377,120,1238,22.0,36.48043376,1414.0,-0.92,-507.12,551.217391304
984,11/19/2012,,4093.7,982.03,377,120,1238,22.0,36.48043376,1414.0,4.82,2679.7,555.954356846
985,11/20/2012,,5123.56,987.14,379,118,1848,24.0,34.42109969,2237.0,5.11,2886.56,564.884540117
986,11/21/2012,,3172.0,988.86,385,117,1848,24.0,35.09571559,2194.0,1.72,978.0,568.604651163
987,11/22/2012,,2147.08,988.8,387,118,1848,24.0,35.30490601,2181.0,-0.0600000000001,-33.92,565.333333333
988,11/23/2012,,2137.72,988.75,386,120,1848,24.0,35.53299492,2167.0,-0.05,-29.28,585.600000001
989,11/24/2012,,1961.44,989.45,386,120,1392,24.0,37.08439898,1564.0,0.7,397.44,567.771428571
990,11/25/2012,,1361.62,988.06,387,120,1848,24.0,35.64814815,2160.0,-1.39,-798.38,574.374100719
991,11/26/2012,,1529.58,986.94,386,120,1848,24.0,35.53299492,2167.0,-1.12,-637.42,569.125
992,11/27/2012,,1247.74,985.28,385,119,1848,24.0,35.07972665,2195.0,-1.66,-947.26,570.638554217
993,11/28/2012,,1049.62,983.23,383,119,1848,24.0,34.88898958,2207.0,-2.05,-1157.38,564.575609756
994,11/29/2012,,1028.56,982.56,381,119,1238,22.0,36.74026591,1404.0,-0.67,-375.44,560.358208955
995,11/30/2012,,1144.26,982.09,380,119,1238,22.0,36.66192845,1407.0,-0.47,-262.74,559.021276596
996,12/1/2012,,1721.2,982.64,380,118,1238,22.0,36.55799669,1411.0,0.55,310.2,564.0
998,12/3/2012,,2201.68,984.98,381,117,1238,22.0,36.55799669,1411.0,1.87,790.68,422.823529412
999,12/4/2012,,3181.62,988.1,383,116,1238,22.0,36.66192845,1407.0,3.12,1774.62,568.788461538
1000,12/5/2012,,3272.88,991.35,386,114,1238,22.0,36.74026591,1404.0,3.25,1868.88,575.04
1001,12/6/2012,,2386.28,993.07,391,113,1238,22.0,37.13702904,1389.0,1.72,997.28,579.813953488
1002,12/7/2012,,2064.92,994.25,393,114,1238,22.0,37.43347847,1378.0,1.18,686.92,582.13559322
1003,12/8/2012,,1685.32,994.79,394,115,1238,22.0,37.59718173,1372.0,0.54,313.32,580.222222222
1005,12/10/2012,,1244.62,994.62,394,117,1238,22.0,37.70711501,1368.0,-0.21,-123.38,587.523809524
1006,12/11/2012,,1141.92,994.25,394,119,1238,22.0,37.92892157,1360.0,-0.37,-218.08,589.405405405
1007,12/12/2012,,1015.82,993.66,394,121,1238,22.0,37.94008042,1359.6,-0.59,-343.78,582.677966102
1008,12/13/2012,,900.38,992.87,393,122,1238,22.0,37.98478154,1358.0,-0.79,-457.62,579.265822785
1009,12/14/2012,,844.22,991.99,393,123,1238,22.0,38.02958813,1356.4,-0.88,-512.18,582.022727273
1010,12/15/2012,,802.36,991.02,392,122,1238,22.0,37.89993926,1361.04,-0.97,-558.68,575.958762887
1011,12/16/2012,,875.94,990.17,390,121,1238,22.0,37.64986959,1370.08,-0.85,-494.14,581.341176471
1012,12/17/2012,,1059.76,989.62,390,120,1238,22.0,37.59992225,1371.9,-0.55,-312.14,567.527272727
1013,12/18/2012,,853.06,988.73,390,122,1232,22.0,37.69991358,1361.63,-0.89,-508.57,571.426966292
1014,12/19/2012,,902.98,987.9,389,120,1238,22.0,37.50969556,1375.2,-0.83,-472.22,568.939759036
1015,12/20/2012,,892.32,987.06,388,120,1238,22.0,37.40904586,1378.9,-0.84,-486.58,579.261904762
1016,12/21/2012,,768.3,985.97,387,118,1238,22.0,37.19004292,1387.02,-1.09,-618.72,567.633027523
1017,12/22/2012,,750.88,984.84,386,118,1238,22.0,37.09990243,1390.39,-1.13,-639.51,565.938053097
1018,12/23/2012,,757.12,983.71,385,118,1238,22.0,37.00993229,1393.77,-1.13,-636.65,563.407079646
1019,12/24/2012,,698.36,982.46,384,116,1238,22.0,36.74000423,1404.01,-1.25,-705.65,564.52
1020,12/25/2012,,716.04,981.22,382,116,1238,22.0,36.56006955,1410.92,-1.24,-694.88,560.387096774
1021,12/26/2012,,621.66,979.84,381,116,1238,22.0,36.47011689,1414.4,-1.38,-792.74,574.449275362
1022,12/27/2012,,633.1,978.38,379,116,1238,22.0,36.29996083,1421.03,-1.46,-787.93,539.678082192
1023,12/28/2012,,582.66,976.86,378,116,1238,22.0,36.21001104,1424.56,-1.52,-841.9,553.881578947
1024,12/29/2012,,540.8,975.24,377,116,1238,22.0,36.12000009,1428.11,-1.62,-887.31,547.722222222
1025,12/30/2012,,525.98,973.57,375,116,1238,22.0,35.95008108,1434.86,-1.67,-908.88,544.239520958
1029,1/3/2013,,433.68,971.77,374,114,1238,22.0,35.64009378,1447.34,-1.87,-1013.66,542.064171123
1034,1/8/2013,,729.56,971.38,372,116,1238,22.0,35.63000058,1447.75,-1.32,-718.19,544.083333333
1035,1/9/2013,,981.76,970.51,371,116,1238,22.0,35.54039778,1451.4,-0.87,-469.64,539.816091954
1036,1/10/2013,,819.52,969.32,369,116,1238,22.0,35.36981167,1458.4,-1.19,-638.88,536.87394958
1037,1/11/2013,,746.72,967.98,369,115,1238,22.0,35.22008284,1464.6,-1.34,-717.88,535.731343284
1038,1/12/2013,,647.14,966.44,368,115,1238,22.0,35.13013473,1468.35,-1.54,-821.21,533.253246753
1041,1/15/2013,,554.06,964.23,366,117,1238,22.0,35.21046644,1465.0,-1.72,-910.94,529.61627907
1042,1/16/2013,,540.54,962.47,364,118,1238,22.0,35.190049,1465.85,-1.76,-925.31,525.744318182
1043,1/17/2013,,518.7,960.63,362,118,1238,22.0,34.87716926,1479.0,-1.84,-960.3,521.902173913
1044,1/18/2013,,507.52,958.76,361,119,1238,22.0,34.9575314,1475.6,-1.87,-968.08,517.689839572
1045,1/19/2013,,504.66,956.88,359,120,1238,22.0,34.963455,1475.35,-1.88,-970.69,516.324468085
1048,1/22/2013,,488.28,954.05,358,124,1238,22.0,35.20325758,1465.3,-1.92,-977.02,508.864583333
1049,1/23/2013,,496.6,952.13,355,125,1238,22.0,35.12654636,1468.5,-1.92,-971.9,506.197916667
1050,1/24/2013,,515.84,950.23,351,127,1238,22.0,35.00735211,1473.5,-1.9,-957.66,504.031578947
1051,1/25/2013,,611.78,948.51,350,129,1238,22.0,35.09070295,1470.0,-1.72,-858.22,498.965116279
1052,1/26/2013,,599.82,946.75,348,128,1238,22.0,34.87952758,1478.9,-1.76,-879.08,499.477272727
1053,1/27/2013,,617.24,944.96,346,127,1238,22.0,34.66016243,1488.26,-1.79,-871.02,486.603351955
1057,1/31/2013,,874.9,945.01,346,122,1238,22.0,34.1905835,1508.7,-1.28,-633.8,495.15625
1058,2/1/2013,,789.62,943.51,345,120,1238,22.0,33.92970686,1520.3,-1.5,-730.68,487.12
1059,2/2/2013,,595.92,941.59,343,119,1238,22.0,33.82957328,1524.8,-1.92,-928.88,483.791666667
1062,2/5/2013,,719.68,939.68,342,116,1238,22.0,33.2259796,1552.5,-1.73,-832.82,481.398843931
1063,2/6/2013,,778.18,938.06,340,114,1238,22.0,33.04505659,1561.0,-1.62,-782.82,483.222222222
1064,2/7/2013,,767.78,936.38,338,114,1238,22.0,32.91012717,1567.4,-1.68,-799.62,475.964285714
1065,2/8/2013,,708.24,934.52,337,114,1238,22.0,32.48320739,1588.0,-1.86,-879.76,472.989247312
1066,2/9/2013,,664.56,932.54,334,114,1238,22.0,32.26378117,1598.8,-1.98,-934.24,471.838383838
1067,2/10/2013,,661.44,930.51,332,114,1238,22.0,32.11913657,1606.0,-2.03,-944.56,465.300492611
1068,2/11/2013,,602.16,928.36,330,116,1238,22.0,32.36093685,1594.0,-2.15,-991.84,461.320930233
1069,2/12/2013,,585.52,926.16,329,118,1238,22.0,32.30014611,1597.0,-2.2,-1011.48,459.763636364
1072,2/15/2013,,576.68,922.89,323,118,1238,22.0,31.86123121,1619.0,-2.31,-1042.32,451.220779221
1075,2/18/2013,,550.16,919.3,322,113,1238,22.0,31.13055723,1657.0,-2.48,-1106.84,446.306451613
1076,2/19/2013,,510.38,916.69,318,114,1238,22.0,31.04998094,1661.3,-2.61,-1150.92,440.965517241
1077,2/20/2013,,479.44,914.0,317,115,1238,22.0,31.16817724,1655.0,-2.69,-1175.56,437.011152416
1078,2/21/2013,,525.72,911.33,314,114,1238,22.0,30.74645845,1677.7,-2.67,-1151.98,431.453183521
1084,2/27/2013,,530.14,911.7,315,115,1208,24.0,31.26293996,1610.0,-2.5,-1079.86,431.944
1085,2/28/2013,,819.52,909.81,312,114,1208,24.0,30.8793456,1630.0,-1.89,-810.48,428.825396825
1086,3/1/2013,,1216.8,908.84,310,115,1208,24.0,30.89830162,1629.0,-0.97,-412.2,424.948453608
1087,3/2/2013,,1208.74,907.86,310,116,1208,24.0,31.05079169,1621.0,-0.98,-412.26,420.673469388
1090,3/5/2013,,930.54,907.44,308,117,1208,24.0,31.04121698,1621.5,-1.63,-690.96,423.901840491
1093,3/8/2013,,755.3,905.54,307,116,1208,24.0,30.84150327,1632.0,-2.09,-876.7,419.473684211
1094,3/9/2013,,690.3,903.27,304,119,1208,24.0,30.82261686,1633.0,-2.27,-942.7,415.286343612
1095,3/10/2013,,644.54,900.8,302,116,1207,23.0,30.21972519,1664.2,-2.47,-1019.66,412.817813765
1098,3/13/2013,,699.14,897.49,299,116,1208,24.0,29.99602702,1678.0,-2.41,-978.86,406.165975104
1104,3/19/2013,,873.86,902.77,304,117,1194,24.0,30.7668522,1617.0,-1.8,-743.14,412.855555556
1110,3/25/2013,,1006.98,912.27,310,116,679,13.0,30.81880901,918.0,0.2,88.98,444.9
1111,3/26/2013,,854.36,912.13,311,116,679,13.0,30.88609898,916.0,-0.14,-61.64,440.285714286
1112,3/27/2013,,744.64,911.72,312,115,679,13.0,30.78527385,919.0,-0.41,-174.36,425.268292683
1113,3/28/2013,,741.0,911.32,311,116,679,13.0,30.88609898,916.0,-0.4,-175.0,437.5
1114,3/29/2013,,730.86,910.87,311,115,679,13.0,30.68510484,922.0,-0.45,-191.14,424.755555556
1115,3/30/2013,,774.8,910.52,310,115,679,13.0,30.61868687,924.0,-0.35,-149.2,426.285714286
1116,3/31/2013,,892.58,908.79,310,115,1208,24.0,30.89830162,1629.0,-1.73,-736.42,425.676300578
1117,4/1/2013,,1034.8,907.37,308,115,1208,24.0,30.76609617,1636.0,-1.42,-601.2,423.38028169
1118,4/2/2013,,1093.82,906.04,306,114,1208,24.0,30.44968744,1653.0,-1.33,-559.18,420.436090226
1119,4/3/2013,,1098.5,904.72,306,114,1208,24.0,30.44968744,1653.0,-1.32,-554.5,420.075757576
1120,4/4/2013,,1213.68,903.66,304,115,1208,24.0,30.46811945,1652.0,-1.06,-438.32,413.509433962
1132,4/16/2013,,937.56,931.25,330,113,1208,24.0,32.20302836,1563.0,-1.33,-625.44,470.255639098
1133,4/17/2013,,842.4,929.69,331,112,1208,24.0,32.14133674,1566.0,-1.56,-723.6,463.846153846
1139,4/23/2013,,901.68,932.03,332,115,1208,24.0,32.59930915,1544.0,-1.37,-642.32,468.846715328
1140,4/24/2013,,900.38,930.63,332,112,1208,24.0,32.18243819,1564.0,-1.4,-663.62,474.014285714
1161,5/15/2013,,998.14,972.98,373,112,1240,24.0,35.78024007,1444.0,-0.82,-445.86,543.731707317
1162,5/16/2013,,862.94,971.9,372,112,1240,24.0,35.70605851,1447.0,-1.08,-584.06,540.796296296
1163,5/17/2013,,913.64,970.91,371,112,1240,24.0,35.60762692,1451.0,-0.99,-537.36,542.787878788
1170,5/24/2013,,883.22,973.67,373,112,1240,24.0,35.7307515,1446.0,-1.02,-562.78,551.745098039
1183,6/6/2013,,877.76,992.36,392,115,1240,24.0,37.54844961,1376.0,-0.86,-498.24,579.348837209
1184,6/7/2013,,805.48,991.36,392,115,1240,24.0,37.54844961,1376.0,-1.0,-570.52,570.52
1187,6/10/2013,,643.5,990.12,391,115,1240,24.0,37.35839961,1383.0,-1.28,-739.5,577.734375
1188,6/11/2013,,660.92,988.85,389,115,1240,24.0,37.35839961,1383.0,-1.27,-722.08,568.566929134
1203,6/26/2013,,579.8,996.78,396,115,1240,24.0,37.68538779,1371.0,-1.34,-791.2,590.447761194
1204,6/27/2013,,489.58,995.27,395,114,1240,24.0,37.57575758,1375.0,-1.51,-885.42,586.370860927
1205,6/28/2013,,425.88,993.64,395,113,1240,24.0,37.54844961,1376.0,-1.63,-950.12,582.895705521
1232,7/25/2013,921.0,239.46,998.24,398,120,603,11.0,38.35877863,655.0,-0.7,-415.54,593.628571429
1233,7/26/2013,922.0,239.72,997.53,397,122,603,11.0,38.35877863,655.0,-0.71,-415.28,584.901408451
1234,7/27/2013,946.0,245.96,996.84,397,122,603,11.0,38.35877863,655.0,-0.69,-409.04,592.811594203
1241,8/3/2013,959.0,249.34,996.39,396,120,603,11.0,38.18389058,658.0,-0.69,-408.66,592.260869565
1251,8/13/2013,832.0,216.32,996.87,397,121,603,11.0,38.30030488,656.0,-0.75,-439.68,586.24
1258,8/20/2013,758.0,197.08,996.08,396,121,603,11.0,38.18389058,658.0,-0.79,-460.92,583.443037975
1259,8/21/2013,802.0,208.52,995.31,396,119,603,11.0,38.12594841,659.0,-0.77,-450.48,585.038961039
1260,8/22/2013,781.0,203.06,994.53,394,120,603,11.0,37.95317221,662.0,-0.78,-458.94,588.384615385
1268,8/30/2013,850.0,221.0,994.0,394,116,603,11.0,37.78195489,665.0,-1.0,-444.0,444.0
1269,8/31/2013,727.0,189.02,993.17,393,115,603,11.0,37.5,670.0,-0.83,-480.98,579.493975904
1270,9/1/2013,890.0,231.4,992.41,392,114,603,11.0,37.33283804,673.0,-0.76,-441.6,581.052631579
1271,9/2/2013,747.0,194.22,991.58,391,113,603,11.0,37.22222222,675.0,-0.83,-480.78,579.253012048
1272,9/3/2013,753.0,195.78,990.75,391,113,603,11.0,37.22222222,675.0,-0.83,-479.22,577.373493976
1274,9/5/2013,896.0,232.96,989.13,389,112,603,11.0,36.94852941,680.0,-0.82,-447.04,545.170731707
1275,9/6/2013,,463.06,988.75,389,111,603,11.0,36.89427313,681.0,-0.38,-217.94,573.526315789
1276,9/7/2013,,288.6,988.07,389,111,603,11.0,36.89427313,681.0,-0.68,-392.4,577.058823529
1277,9/8/2013,894.0,232.44,987.28,388,111,603,11.0,36.78623719,683.0,-0.79,-450.56,570.329113924
1278,9/9/2013,829.0,215.54,986.45,387,111,603,11.0,36.67883212,685.0,-0.83,-469.46,565.614457831
1279,9/10/2013,804.0,209.04,985.51,386,112,603,11.0,36.67883212,685.0,-0.94,-475.96,506.340425532
1281,9/12/2013,724.0,188.24,983.88,385,111,603,11.0,36.51889535,688.0,-0.88,-499.76,567.909090909
1282,9/13/2013,736.0,191.36,982.99,383,112,603,11.0,36.41304348,690.0,-0.89,-498.64,560.269662921
1289,9/20/2013,738.0,191.88,976.75,378,115,1206,22.0,36.22927181,1387.0,-2.16,-1195.12,553.296296296
1302,10/3/2013,,1131.52,990.43,390,114,1206,22.0,37.22222222,1350.0,-0.38,-218.48,574.947368421
1303,10/4/2013,,880.62,989.6,389,113,1206,22.0,37.03021371,1357.0,-0.83,-476.38,573.951807229
1304,10/5/2013,,756.08,988.55,389,112,1206,22.0,36.94852941,1360.0,-1.05,-603.92,575.161904762
1305,10/6/2013,,628.94,987.26,387,113,1206,22.0,36.84017595,1364.0,-1.29,-735.06,569.813953488
1306,10/7/2013,,642.98,986.0,387,114,1206,22.0,36.92138134,1361.0,-1.26,-718.02,569.857142857
1307,10/8/2013,,657.28,984.75,386,114,1206,22.0,36.84017595,1364.0,-1.25,-706.72,565.376
1308,10/9/2013,,579.8,983.36,384,115,1206,22.0,36.75932699,1367.0,-1.39,-787.2,566.330935252
1322,10/23/2013,,314.6,989.71,390,119,1206,22.0,37.52800597,1339.0,-1.78,-1024.4,575.505617978
1323,10/24/2013,,281.58,987.86,390,119,1206,22.0,37.52800597,1339.0,-1.85,-1057.42,571.578378378
1324,10/25/2013,,295.36,985.99,387,119,1206,22.0,37.24981468,1349.0,-1.87,-1053.64,563.443850267
1325,10/26/2013,,293.28,984.06,385,117,1206,22.0,36.94852941,1360.0,-1.93,-1066.72,552.704663212
1329,10/30/2013,893.0,232.18,981.25,383,119,1206,22.0,37.00294551,1358.0,-2.0,-1125.82,562.91
1340,11/10/2013,,610.74,978.54,378,121,1206,22.0,36.67883212,1370.0,-1.37,-759.26,554.204379562
1345,11/15/2013,,739.7,978.91,379,119,1206,22.0,36.65207877,1371.0,-1.13,-631.3,558.672566372
1351,11/21/2013,,1274.0,988.36,388,124,1206,22.0,37.69692423,1333.0,-0.11,-59.0,536.363636364
1352,11/22/2013,,1035.58,987.84,388,124,1206,22.0,37.69692423,1333.0,-0.52,-297.42,571.961538462
1353,11/23/2013,,866.06,987.02,387,125,1206,22.0,37.64044944,1335.0,-0.82,-468.94,571.87804878
1357,11/27/2013,,602.16,984.69,386,123,1206,22.0,37.47203579,1341.0,-1.3,-738.84,568.338461538
1358,11/28/2013,,527.02,983.23,384,122,1206,22.0,37.24981468,1349.0,-1.46,-821.98,563.0
1359,11/29/2013,,515.32,981.74,383,121,1206,22.0,37.11225997,1354.0,-1.49,-838.68,562.872483221
1360,11/30/2013,,511.94,980.21,381,120,1206,22.0,36.8672047,1363.0,-1.53,-851.06,556.248366013
1365,12/5/2013,,973.44,988.26,388,117,1206,22.0,37.22222222,1350.0,-0.66,-376.56,570.545454545
1366,12/6/2013,,853.84,987.38,387,116,1206,22.0,37.08487085,1355.0,-0.88,-501.16,569.5
1367,12/7/2013,,747.24,986.3,386,116,1206,22.0,37.00294551,1358.0,-1.08,-610.76,565.518518518
1368,12/8/2013,,667.68,985.09,386,116,1206,22.0,37.00294551,1358.0,-1.21,-690.32,570.512396694
1369,12/9/2013,,638.82,983.8,384,116,1206,22.0,36.81318681,1365.0,-1.29,-726.18,562.930232558
1370,12/10/2013,,606.58,982.45,383,117,1206,22.0,36.78623719,1366.0,-1.35,-759.42,562.533333333
1377,12/17/2013,,443.72,979.27,380,122,1206,22.0,36.89427313,1362.0,-1.65,-918.28,556.533333333
1378,12/18/2013,,449.17,977.61,379,124,1206,22.0,37.03021371,1357.0,-1.66,-907.83,546.885542169
1379,12/19/2013,,403.39,975.84,376,123,1206,22.0,36.75932699,1367.0,-1.77,-963.61,544.412429379
1380,12/20/2013,,457.34,974.2,374,124,1206,22.0,36.598689,1373.0,-1.64,-915.66,558.329268293
1381,12/21/2013,,452.68,972.5,374,122,1206,22.0,36.49237473,1377.0,-1.7,-924.32,543.717647059
1382,12/22/2013,,520.96,970.9,372,121,1206,22.0,36.25541126,1386.0,-1.6,-865.04,540.65
1383,12/23/2013,,646.14,969.5,370,119,1206,22.0,35.91851322,1399.0,-1.4,-752.86,537.757142857
1384,12/24/2013,,635.18,968.06,369,118,1206,22.0,35.73968706,1406.0,-1.44,-770.82,535.291666667
1385,12/25/2013,,553.92,964.89,367,117,1800,24.0,33.49709692,2239.0,-3.17,-1685.08,531.570977918
1386,12/26/2013,,496.86,961.53,364,117,1800,24.0,33.1711632,2261.0,-3.36,-1764.14,525.041666667
1387,12/27/2013,,478.14,959.69,361,117,1206,22.0,34.82328482,1443.0,-1.84,-964.86,524.380434783
1388,12/28/2013,,462.28,957.43,359,118,1206,22.0,34.79916898,1444.0,-2.26,-981.72,434.389380531
1391,12/31/2013,,431.02,954.75,356,118,1206,22.0,34.63128877,1451.0,-2.0,-1019.98,509.99
1394,1/3/2014,,471.67,951.48,353,116,1206,22.0,34.18367347,1470.0,-2.02,-998.33,494.222772277
1395,1/4/2014,,427.93,949.33,351,115,1206,22.0,33.90688259,1482.0,-2.15,-1054.07,490.265116279
1396,1/5/2014,,384.85,945.28,349,115,1800,24.0,31.61888702,2372.0,-4.05,-1987.15,490.654320988
1397,1/6/2014,,372.1,941.09,345,115,1800,24.0,31.34141245,2393.0,-4.19,-2020.9,482.3150358
1398,1/7/2014,,399.09,938.74,340,116,1206,22.0,33.32228117,1508.0,-2.35,-1108.91,471.876595745
1399,1/8/2014,,541.51,936.67,339,116,1206,22.0,33.25612177,1511.0,-2.07,-969.49,468.352657005
1406,1/15/2014,,1366.02,952.52,351,116,802,18.0,34.20334357,977.0,0.72,389.02,540.305555556
1407,1/16/2014,,1145.33,952.82,351,120,802,18.0,34.37928669,972.0,0.3,173.33,577.766666667
1413,1/22/2014,,651.8,954.47,354,121,802,18.0,34.66459198,964.0,-0.65,-312.2,480.307692308
1416,1/25/2014,,504.9,953.89,354,122,802,18.0,34.73665974,962.0,-0.95,-457.1,481.157894737
1417,1/26/2014,,490.65,952.92,353,123,802,18.0,34.7728061,961.0,-0.97,-470.35,484.896907216
1418,1/27/2014,,509.3,951.98,352,123,802,18.0,34.70058844,963.0,-0.94,-453.7,482.659574468
1425,2/3/2014,,583.73,957.3,356,120,600,24.0,35.16174402,711.0,-0.29,-127.27,438.862068965
1426,2/4/2014,,603.91,957.04,356,118,600,24.0,35.0631136,713.0,-0.26,-109.09,419.576923077
1427,2/5/2014,314.34,81.73,953.43,356,119,1560,24.0,34.12073491,1905.0,-3.61,-1823.27,505.060941828
1428,2/6/2014,,869.83,951.3,353,119,1560,24.0,33.87180823,1919.0,-2.13,-1049.17,492.568075117
1429,2/7/2014,,525.06,948.45,350,120,1560,24.0,33.62648733,1933.0,-2.85,-1407.94,494.014035088
1430,2/8/2014,,535.61,945.54,345,121,1560,24.0,33.26509724,1954.0,-2.91,-1418.39,487.419243986
1431,2/9/2014,,477.52,942.46,343,121,1560,24.0,33.11258278,1963.0,-3.08,-1485.48,482.298701299
1432,2/10/2014,,526.39,939.49,342,121,1560,24.0,33.04524657,1967.0,-2.97,-1440.61,485.053872054
1433,2/11/2014,,733.82,936.78,339,121,1560,24.0,32.79515641,1982.0,-2.71,-1248.18,460.58302583
1434,2/12/2014,,1484.94,936.02,336,122,1440,24.0,32.89473684,1824.0,-0.76,-339.06,446.131578947
1436,2/14/2014,,1588.39,933.72,333,120,1440,24.0,32.64417845,1838.0,-0.58,-249.61,430.362068966
1438,2/16/2014,,2148.91,934.44,331,122,1440,24.0,32.5203252,1845.0,0.6,303.91,506.516666667
1444,2/22/2014,,1164.41,950.64,350,121,1440,24.0,34.12969283,1758.0,-1.22,-593.59,486.549180328
1445,2/23/2014,,1078.6,949.21,349,120,1440,24.0,33.84094755,1773.0,-1.43,-694.4,485.594405594
1446,2/24/2014,,1036.41,947.67,346,119,1440,24.0,33.78378378,1776.0,-1.54,-739.59,480.253246753
1447,2/25/2014,,932.77,945.94,348,119,1440,24.0,33.93665158,1768.0,-1.73,-835.23,482.791907514
1448,2/26/2014,,836.7,943.95,344,118,1440,24.0,33.46346905,1793.0,-1.99,-956.3,480.552763819
1449,2/27/2014,,773.04,941.8,343,118,1440,24.0,33.38898164,1797.0,-2.15,-1023.96,476.260465116
1450,2/28/2014,,758.31,939.59,341,118,1440,24.0,33.20420587,1807.0,-2.21,-1048.69,474.520361991
1451,3/1/2014,,735.84,937.27,339,117,1440,24.0,32.87671233,1825.0,-2.32,-1089.16,469.465517241
1452,3/2/2014,,824.09,935.09,336,117,1440,24.0,32.64417845,1838.0,-2.18,-1013.91,465.096330275
1453,3/3/2014,,1542.72,934.37,334,118,1440,24.0,32.25806452,1860.0,-0.72,-317.28,440.666666667
1454,3/4/2014,,1972.52,934.59,334,119,1440,24.0,32.48511099,1847.0,0.22,125.52,570.545454545
1456,3/6/2014,,5260.15,944.38,334,121,960,16.0,32.9218107,1215.0,8.32,4045.15,486.195913462
1457,3/7/2014,,4262.87,949.32,342,120,1440,24.0,33.3148251,1801.0,4.94,2461.87,498.354251012
1458,3/8/2014,,3505.46,952.73,347,119,1440,24.0,33.87916431,1771.0,3.41,1734.46,508.639296188
1461,3/11/2014,,2614.39,970.38,365,119,960,16.0,35.11852502,1139.0,2.71,1475.39,544.424354244
1462,3/12/2014,,1952.23,971.86,368,120,960,16.0,35.49245785,1127.0,1.48,825.23,557.587837838
1463,3/13/2014,,1584.71,972.67,371,120,960,16.0,35.6824264,1121.0,0.81,463.71,572.481481482
1464,3/14/2014,,1546.89,973.4,371,119,960,16.0,35.77817531,1118.0,0.73,428.89,587.520547945
1465,3/15/2014,,1363.31,973.81,371,120,960,16.0,35.6824264,1121.0,0.41,242.31,591.0
1466,3/16/2014,,1565.44,974.58,371,120,960,16.0,35.6824264,1121.0,0.77,444.44,577.194805195
1467,3/17/2014,,1788.26,975.75,372,119,960,16.0,35.55555556,1125.0,1.17,663.26,566.888888889
1468,3/18/2014,,1536.34,976.47,374,120,960,16.0,35.87443946,1115.0,0.72,421.34,585.194444444
1469,3/19/2014,,1349.01,976.87,374,120,960,16.0,35.87443946,1115.0,0.4,234.01,585.025
1471,3/21/2014,,1028.02,976.64,376,121,960,16.0,36.16636528,1106.0,-0.18,-77.98,433.222222222
1472,3/22/2014,,948.31,976.32,374,122,960,16.0,36.19909502,1105.0,-0.32,-156.69,489.65625
1473,3/23/2014,,853.45,975.82,375,122,960,16.0,36.26473255,1103.0,-0.5,-249.55,499.1
1474,3/24/2014,,779.13,975.19,376,123,960,16.0,36.4298725,1098.0,-0.63,-318.87,506.142857143
1475,3/25/2014,,812.66,974.62,374,123,960,16.0,36.33060854,1101.0,-0.57,-288.34,505.859649123
1476,3/26/2014,,901.22,974.21,374,124,960,16.0,36.26473255,1103.0,-0.41,-201.78,492.146341463
1477,3/27/2014,,1019.9,974.01,372,124,960,16.0,36.13369467,1107.0,-0.2,-87.1,435.5
1478,3/28/2014,,1494.0,974.68,372,125,960,16.0,36.26473255,1103.0,0.67,391.0,583.582089552
1479,3/29/2014,,1936.03,976.16,372,125,960,16.0,36.26473255,1103.0,1.48,833.03,562.858108108
1480,3/30/2014,,1919.61,977.1,376,124,1205,21.0,36.38285024,1380.0,0.94,539.61,574.053191489
1483,4/2/2014,,1227.39,977.23,376,124,1205,21.0,36.38285024,1380.0,-0.32,-152.61,476.90625
1484,4/3/2014,,1111.79,975.38,376,125,1800,24.0,35.4945575,2113.0,-1.85,-1001.21,541.194594595
1485,4/4/2014,,1134.91,974.91,375,127,1205,21.0,36.59499514,1372.0,-0.47,-237.09,504.446808511
1486,4/5/2014,,1146.73,974.45,374,127,1205,21.0,36.54172732,1374.0,-0.46,-227.27,494.065217391
1489,4/8/2014,,1246.42,976.28,375,128,1205,21.0,36.6751887,1369.0,-0.27,-122.58,454.0
1492,4/11/2014,,1094.26,972.57,374,126,1800,24.0,35.27751646,2126.0,-1.92,-1031.74,537.364583333
1493,4/12/2014,,1025.53,970.45,372,124,1800,24.0,34.72222222,2160.0,-2.12,-1134.47,535.127358491
1496,4/15/2014,,881.59,970.22,370,120,1205,21.0,35.71005216,1406.0,-1.03,-524.41,509.13592233
1498,4/17/2014,,1037.96,971.25,369,120,400,21.0,36.15328995,461.0,1.03,576.96,560.155339806
1499,4/18/2014,,1102.97,972.39,371,120,400,16.0,36.31082062,459.0,1.14,643.97,564.885964912
1500,4/19/2014,,1072.9,973.48,371,120,400,16.0,36.31082062,459.0,1.09,613.9,563.211009174
1503,4/22/2014,,989.21,977.08,374,118,400,16.0,36.46973012,457.0,0.92,532.21,578.489130435
1504,4/23/2014,,1205.24,977.98,377,116,600,24.0,36.5497076,684.0,0.9,521.24,579.155555556
1505,4/24/2014,,2019.91,980.35,377,116,600,24.0,36.5497076,684.0,2.37,1335.91,563.675105485
1506,4/25/2014,,1876.07,982.45,379,115,600,24.0,36.71071953,681.0,2.1,1195.07,569.080952381
1507,4/26/2014,,1619.91,984.08,381,115,600,24.0,36.87315634,678.0,1.63,941.91,577.858895706
1508,4/27/2014,,1689.91,983.73,383,115,1594,24.0,35.66953097,1862.0,-0.35,-172.09,491.685714286
1509,4/28/2014,,1453.93,982.98,384,114,1600,24.0,35.97769383,1853.0,-0.75,-399.07,532.093333333
1510,4/29/2014,,1251.36,981.83,382,113,1600,24.0,35.59352198,1873.0,-1.15,-621.64,540.556521739
1511,4/30/2014,,1135.13,980.46,380,113,1600,24.0,35.44214071,1881.0,-1.37,-745.87,544.430656934
1512,5/1/2014,,1177.28,979.14,379,113,1600,24.0,35.38570418,1884.0,-1.32,-706.72,535.393939394
1513,5/2/2014,,1126.86,977.71,378,114,1600,24.0,35.38570418,1884.0,-1.43,-757.14,529.468531469
1514,5/3/2014,,1312.66,976.62,377,115,1600,24.0,35.23608175,1892.0,-1.09,-579.34,531.504587156
1515,5/4/2014,,1712.95,977.11,374,114,1205,21.0,35.33309876,1421.0,0.49,291.95,595.816326531
1516,5/5/2014,,2110.96,978.33,375,114,1200,21.0,35.38570418,1413.0,1.22,697.96,572.098360656
1517,5/6/2014,,1778.04,978.95,376,113,1205,21.0,35.55830973,1412.0,0.62,366.04,590.387096774
1520,5/9/2014,,1928.63,980.15,377,113,1205,21.0,35.6340194,1409.0,0.89,519.63,583.853932584
1522,5/11/2014,,1710.06,980.63,377,114,1205,21.0,35.6340194,1409.0,0.51,301.06,590.31372549
1524,5/13/2014,,1291.36,979.6,380,112,1600,24.0,35.21746786,1893.0,-1.12,-601.64,537.178571429
1525,5/14/2014,,1175.98,978.28,379,113,1205,21.0,26.64985846,1884.0,-1.32,-708.02,536.378787879
1526,5/15/2014,,1230.29,977.89,377,111,1205,21.0,35.30825129,1422.0,-0.39,-191.71,491.564102564
1547,6/5/2014,,720.51,996.74,396,115,800,16.0,37.62227239,886.0,-0.32,-165.49,517.15625
1548,6/6/2014,,679.2,996.34,396,114,800,16.0,37.5798572,887.0,-0.4,-207.8,519.5
1549,6/7/2014,,521.56,994.88,395,115,1205,21.0,36.97226313,1358.0,-1.46,-836.44,572.904109589
1550,6/8/2014,,515.31,992.15,394,115,1800,24.0,36.09239654,2078.0,-2.73,-1562.69,572.413919414
1551,6/9/2014,,510.73,989.33,391,114,1800,24.0,35.42749173,2117.0,-2.82,-1606.27,569.59929078
